/Users/ljn/.pyenv/versions/3.11.5/lib/python3.11/site-packages/langchain/__init__.py:30: UserWarning: Importing verbose from langchain root module is no longer supported. Please use langchain.globals.set_verbose() / langchain.globals.get_verbose() instead.
  warnings.warn(
/Users/ljn/.pyenv/versions/3.11.5/lib/python3.11/site-packages/langchain/__init__.py:30: UserWarning: Importing debug from langchain root module is no longer supported. Please use langchain.globals.set_debug() / langchain.globals.get_debug() instead.
  warnings.warn(
/Users/ljn/.pyenv/versions/3.11.5/lib/python3.11/site-packages/langchain/__init__.py:30: UserWarning: Importing llm_cache from langchain root module is no longer supported. Please use langchain.globals.set_llm_cache() / langchain.globals.get_llm_cache() instead.
  warnings.warn(
[90m2026-07-06 15:21:10,331[0m │ - │ uvicorn.error │ INFO │ Started server process [6466]
[90m2026-07-06 15:21:10,331[0m │ - │ uvicorn.error │ INFO │ Waiting for application startup.
[90m2026-07-06 15:21:10,390[0m │ - │ alembic.runtime.plugins │ INFO │ setup plugin alembic.autogenerate.schemas
[90m2026-07-06 15:21:10,390[0m │ - │ alembic.runtime.plugins │ INFO │ setup plugin alembic.autogenerate.tables
[90m2026-07-06 15:21:10,390[0m │ - │ alembic.runtime.plugins │ INFO │ setup plugin alembic.autogenerate.types
[90m2026-07-06 15:21:10,390[0m │ - │ alembic.runtime.plugins │ INFO │ setup plugin alembic.autogenerate.constraints
[90m2026-07-06 15:21:10,390[0m │ - │ alembic.runtime.plugins │ INFO │ setup plugin alembic.autogenerate.defaults
[90m2026-07-06 15:21:10,390[0m │ - │ alembic.runtime.plugins │ INFO │ setup plugin alembic.autogenerate.comments
INFO  [alembic.runtime.migration] Context impl MySQLImpl.
INFO  [alembic.runtime.migration] Will assume non-transactional DDL.
[90m2026-07-06 15:21:11,294[0m │ - │ app.prompt.registry │ INFO │ Prompt 加载完成 | count=6
[90m2026-07-06 15:21:11,294[0m │ - │ app.bootstrap.lifespan │ INFO │ Prompt 模板已加载 | dir=/Users/ljn/Documents/demo/explore/backend/prompts
[90m2026-07-06 15:21:11,296[0m │ - │ app.prompt.composer │ INFO │ Snippet 加载完成 | count=10
[90m2026-07-06 15:21:11,301[0m │ - │ app.prompt.composer │ INFO │ Compositions 加载完成 | count=8
[90m2026-07-06 15:21:11,301[0m │ - │ app.bootstrap.lifespan │ INFO │ PromptComposer 初始化完成
[90m2026-07-06 15:21:11,309[0m │ - │ app.infra.mongo │ INFO │ MongoDB client 已初始化 | code=mongo_client_initialized uri=mongodb://root:***@43.155.217.74:27017/?authSource=admin database=farm_manager
[90m2026-07-06 15:21:11,309[0m │ - │ app.infra.trace_collector │ INFO │ TraceDAO 已初始化
[90m2026-07-06 15:21:11,309[0m │ - │ app.infra.trace_collector │ INFO │ Trace 后台 worker 已启动
[90m2026-07-06 15:21:11,471[0m │ - │ app.infra.trace_cleaner │ WARNING │ Trace TTL 跳过缺失的 MySQL 表 | code=trace_records_table_missing
[90m2026-07-06 15:21:11,581[0m │ - │ app.infra.trace_cleaner │ INFO │ TTL 清理完成 | trace_deleted=0 stats_deleted=0
[90m2026-07-06 15:21:23,634[0m │ - │ uvicorn.access │ INFO │ 127.0.0.1:61771 - "GET /health HTTP/1.1" 200
[90m2026-07-06 15:21:48,941[0m │ - │ uvicorn.access │ INFO │ 127.0.0.1:61809 - "GET /auth/me HTTP/1.1" 200
[90m2026-07-06 15:21:48,949[0m │ - │ uvicorn.access │ INFO │ 127.0.0.1:61810 - "GET /admin/users?size=100 HTTP/1.1" 200
[90m2026-07-06 15:21:49,146[0m │ - │ uvicorn.access │ INFO │ 127.0.0.1:61815 - "GET /admin/users?size=100 HTTP/1.1" 200
[90m2026-07-06 15:21:49,254[0m │ - │ uvicorn.access │ INFO │ 127.0.0.1:61813 - "GET /auth/me HTTP/1.1" 200
[90m2026-07-06 15:21:49,473[0m │ - │ app.infra.repository_runtime │ WARNING │ MySQL 文档表不存在，强制切换 Mongo 仓储 | code=document_table_missing_use_mongo object=conversation_messages table=conversation_messages configured=mysql
[90m2026-07-06 15:21:49,553[0m │ - │ app.bootstrap.exceptions │ ERROR │ 未捕获异常 | path=/agent/conversations
  + Exception Group Traceback (most recent call last):
  |   File "/Users/ljn/.pyenv/versions/3.11.5/lib/python3.11/site-packages/starlette/_utils.py", line 77, in collapse_excgroups
  |     yield
  |   File "/Users/ljn/.pyenv/versions/3.11.5/lib/python3.11/site-packages/starlette/middleware/base.py", line 186, in __call__
  |     async with anyio.create_task_group() as task_group:
  |   File "/Users/ljn/.pyenv/versions/3.11.5/lib/python3.11/site-packages/anyio/_backends/_asyncio.py", line 783, in __aexit__
  |     raise BaseExceptionGroup(
  | ExceptionGroup: unhandled errors in a TaskGroup (1 sub-exception)
  +-+---------------- 1 ----------------
    | Traceback (most recent call last):
    |   File "/Users/ljn/.pyenv/versions/3.11.5/lib/python3.11/site-packages/starlette/middleware/errors.py", line 165, in __call__
    |     await self.app(scope, receive, _send)
    |   File "/Users/ljn/.pyenv/versions/3.11.5/lib/python3.11/site-packages/starlette/middleware/base.py", line 185, in __call__
    |     with collapse_excgroups():
    |   File "/Users/ljn/.pyenv/versions/3.11.5/lib/python3.11/contextlib.py", line 155, in __exit__
    |     self.gen.throw(typ, value, traceback)
    |   File "/Users/ljn/.pyenv/versions/3.11.5/lib/python3.11/site-packages/starlette/_utils.py", line 83, in collapse_excgroups
    |     raise exc
    |   File "/Users/ljn/.pyenv/versions/3.11.5/lib/python3.11/site-packages/starlette/middleware/base.py", line 187, in __call__
    |     response = await self.dispatch_func(request, call_next)
    |                ^^^^^^^^^^^^^^^^^^^^^^^^^^^^^^^^^^^^^^^^^^^^
    |   File "/Users/ljn/Documents/demo/explore/backend/app/bootstrap/middleware.py", line 51, in date_injection_middleware
    |     return await call_next(request)
    |            ^^^^^^^^^^^^^^^^^^^^^^^^
    |   File "/Users/ljn/.pyenv/versions/3.11.5/lib/python3.11/site-packages/starlette/middleware/base.py", line 163, in call_next
    |     raise app_exc
    |   File "/Users/ljn/.pyenv/versions/3.11.5/lib/python3.11/site-packages/starlette/middleware/base.py", line 149, in coro
    |     await self.app(scope, receive_or_disconnect, send_no_error)
    |   File "/Users/ljn/.pyenv/versions/3.11.5/lib/python3.11/site-packages/starlette/middleware/base.py", line 185, in __call__
    |     with collapse_excgroups():
    |   File "/Users/ljn/.pyenv/versions/3.11.5/lib/python3.11/contextlib.py", line 155, in __exit__
    |     self.gen.throw(typ, value, traceback)
    |   File "/Users/ljn/.pyenv/versions/3.11.5/lib/python3.11/site-packages/starlette/_utils.py", line 83, in collapse_excgroups
    |     raise exc
    |   File "/Users/ljn/.pyenv/versions/3.11.5/lib/python3.11/site-packages/starlette/middleware/base.py", line 187, in __call__
    |     response = await self.dispatch_func(request, call_next)
    |                ^^^^^^^^^^^^^^^^^^^^^^^^^^^^^^^^^^^^^^^^^^^^
    |   File "/Users/ljn/.pyenv/versions/3.11.5/lib/python3.11/site-packages/slowapi/middleware.py", line 128, in dispatch
    |     return await call_next(request)
    |            ^^^^^^^^^^^^^^^^^^^^^^^^
    |   File "/Users/ljn/.pyenv/versions/3.11.5/lib/python3.11/site-packages/starlette/middleware/base.py", line 163, in call_next
    |     raise app_exc
    |   File "/Users/ljn/.pyenv/versions/3.11.5/lib/python3.11/site-packages/starlette/middleware/base.py", line 149, in coro
    |     await self.app(scope, receive_or_disconnect, send_no_error)
    |   File "/Users/ljn/.pyenv/versions/3.11.5/lib/python3.11/site-packages/starlette/middleware/cors.py", line 85, in __call__
    |     await self.app(scope, receive, send)
    |   File "/Users/ljn/.pyenv/versions/3.11.5/lib/python3.11/site-packages/starlette/middleware/exceptions.py", line 62, in __call__
    |     await wrap_app_handling_exceptions(self.app, conn)(scope, receive, send)
    |   File "/Users/ljn/.pyenv/versions/3.11.5/lib/python3.11/site-packages/starlette/_exception_handler.py", line 62, in wrapped_app
    |     raise exc
    |   File "/Users/ljn/.pyenv/versions/3.11.5/lib/python3.11/site-packages/starlette/_exception_handler.py", line 51, in wrapped_app
    |     await app(scope, receive, sender)
    |   File "/Users/ljn/.pyenv/versions/3.11.5/lib/python3.11/site-packages/starlette/routing.py", line 715, in __call__
    |     await self.middleware_stack(scope, receive, send)
    |   File "/Users/ljn/.pyenv/versions/3.11.5/lib/python3.11/site-packages/starlette/routing.py", line 735, in app
    |     await route.handle(scope, receive, send)
    |   File "/Users/ljn/.pyenv/versions/3.11.5/lib/python3.11/site-packages/starlette/routing.py", line 288, in handle
    |     await self.app(scope, receive, send)
    |   File "/Users/ljn/.pyenv/versions/3.11.5/lib/python3.11/site-packages/starlette/routing.py", line 76, in app
    |     await wrap_app_handling_exceptions(app, request)(scope, receive, send)
    |   File "/Users/ljn/.pyenv/versions/3.11.5/lib/python3.11/site-packages/starlette/_exception_handler.py", line 62, in wrapped_app
    |     raise exc
    |   File "/Users/ljn/.pyenv/versions/3.11.5/lib/python3.11/site-packages/starlette/_exception_handler.py", line 51, in wrapped_app
    |     await app(scope, receive, sender)
    |   File "/Users/ljn/.pyenv/versions/3.11.5/lib/python3.11/site-packages/starlette/routing.py", line 73, in app
    |     response = await f(request)
    |                ^^^^^^^^^^^^^^^^
    |   File "/Users/ljn/.pyenv/versions/3.11.5/lib/python3.11/site-packages/fastapi/routing.py", line 301, in app
    |     raw_response = await run_endpoint_function(
    |                    ^^^^^^^^^^^^^^^^^^^^^^^^^^^^
    |   File "/Users/ljn/.pyenv/versions/3.11.5/lib/python3.11/site-packages/fastapi/routing.py", line 214, in run_endpoint_function
    |     return await run_in_threadpool(dependant.call, **values)
    |            ^^^^^^^^^^^^^^^^^^^^^^^^^^^^^^^^^^^^^^^^^^^^^^^^^
    |   File "/Users/ljn/.pyenv/versions/3.11.5/lib/python3.11/site-packages/starlette/concurrency.py", line 39, in run_in_threadpool
    |     return await anyio.to_thread.run_sync(func, *args)
    |            ^^^^^^^^^^^^^^^^^^^^^^^^^^^^^^^^^^^^^^^^^^^
    |   File "/Users/ljn/.pyenv/versions/3.11.5/lib/python3.11/site-packages/anyio/to_thread.py", line 63, in run_sync
    |     return await get_async_backend().run_sync_in_worker_thread(
    |            ^^^^^^^^^^^^^^^^^^^^^^^^^^^^^^^^^^^^^^^^^^^^^^^^^^^^
    |   File "/Users/ljn/.pyenv/versions/3.11.5/lib/python3.11/site-packages/anyio/_backends/_asyncio.py", line 2502, in run_sync_in_worker_thread
    |     return await future
    |            ^^^^^^^^^^^^
    |   File "/Users/ljn/.pyenv/versions/3.11.5/lib/python3.11/site-packages/anyio/_backends/_asyncio.py", line 986, in run
    |     result = context.run(func, *args)
    |              ^^^^^^^^^^^^^^^^^^^^^^^^
    |   File "/Users/ljn/.pyenv/versions/3.11.5/lib/python3.11/site-packages/slowapi/extension.py", line 766, in sync_wrapper
    |     response = func(*args, **kwargs)
    |                ^^^^^^^^^^^^^^^^^^^^^
    |   File "/Users/ljn/Documents/demo/explore/backend/app/api/agent.py", line 120, in get_conversations
    |     return list_conversation_items(db, farm=farm, limit=limit)
    |            ^^^^^^^^^^^^^^^^^^^^^^^^^^^^^^^^^^^^^^^^^^^^^^^^^^^
    |   File "/Users/ljn/Documents/demo/explore/backend/app/agent/application/history_use_case.py", line 110, in list_conversation_items
    |     title, preview, category = _build_conversation_summary(
    |                                ^^^^^^^^^^^^^^^^^^^^^^^^^^^^
    |   File "/Users/ljn/Documents/demo/explore/backend/app/agent/application/history_use_case.py", line 84, in _build_conversation_summary
    |     messages = get_conversation_messages(db, session_id, farm_id=farm_id)
    |                ^^^^^^^^^^^^^^^^^^^^^^^^^^^^^^^^^^^^^^^^^^^^^^^^^^^^^^^^^^
    |   File "/Users/ljn/Documents/demo/explore/backend/app/services/conversation_service.py", line 207, in get_conversation_messages
    |     return run_maybe_awaitable(
    |            ^^^^^^^^^^^^^^^^^^^^
    |   File "/Users/ljn/Documents/demo/explore/backend/app/infra/repository_runtime.py", line 66, in run_maybe_awaitable
    |     return asyncio.run(value)
    |            ^^^^^^^^^^^^^^^^^^
    |   File "/Users/ljn/.pyenv/versions/3.11.5/lib/python3.11/asyncio/runners.py", line 190, in run
    |     return runner.run(main)
    |            ^^^^^^^^^^^^^^^^
    |   File "/Users/ljn/.pyenv/versions/3.11.5/lib/python3.11/asyncio/runners.py", line 118, in run
    |     return self._loop.run_until_complete(task)
    |            ^^^^^^^^^^^^^^^^^^^^^^^^^^^^^^^^^^^
    |   File "uvloop/loop.pyx", line 1518, in uvloop.loop.Loop.run_until_complete
    |   File "/Users/ljn/Documents/demo/explore/backend/app/infra/online_document_conversation.py", line 134, in list_by_session
    |     docs = await cursor.to_list(None)
    |            ^^^^^^^^^^^^^^^^^^^^^^^^^^
    | RuntimeError: Task <Task pending name='Task-35' coro=<MongoConversationMessageRepository.list_by_session() running at /Users/ljn/Documents/demo/explore/backend/app/infra/online_document_conversation.py:134> cb=[run_until_complete.<locals>.done_cb()]> got Future <Future pending> attached to a different loop
    +------------------------------------

During handling of the above exception, another exception occurred:

Traceback (most recent call last):
  File "/Users/ljn/.pyenv/versions/3.11.5/lib/python3.11/site-packages/starlette/middleware/errors.py", line 165, in __call__
    await self.app(scope, receive, _send)
  File "/Users/ljn/.pyenv/versions/3.11.5/lib/python3.11/site-packages/starlette/middleware/base.py", line 185, in __call__
    with collapse_excgroups():
  File "/Users/ljn/.pyenv/versions/3.11.5/lib/python3.11/contextlib.py", line 155, in __exit__
    self.gen.throw(typ, value, traceback)
  File "/Users/ljn/.pyenv/versions/3.11.5/lib/python3.11/site-packages/starlette/_utils.py", line 83, in collapse_excgroups
    raise exc
  File "/Users/ljn/.pyenv/versions/3.11.5/lib/python3.11/site-packages/starlette/middleware/base.py", line 187, in __call__
    response = await self.dispatch_func(request, call_next)
               ^^^^^^^^^^^^^^^^^^^^^^^^^^^^^^^^^^^^^^^^^^^^
  File "/Users/ljn/Documents/demo/explore/backend/app/bootstrap/middleware.py", line 51, in date_injection_middleware
    return await call_next(request)
           ^^^^^^^^^^^^^^^^^^^^^^^^
  File "/Users/ljn/.pyenv/versions/3.11.5/lib/python3.11/site-packages/starlette/middleware/base.py", line 163, in call_next
    raise app_exc
  File "/Users/ljn/.pyenv/versions/3.11.5/lib/python3.11/site-packages/starlette/middleware/base.py", line 149, in coro
    await self.app(scope, receive_or_disconnect, send_no_error)
  File "/Users/ljn/.pyenv/versions/3.11.5/lib/python3.11/site-packages/starlette/middleware/base.py", line 185, in __call__
    with collapse_excgroups():
  File "/Users/ljn/.pyenv/versions/3.11.5/lib/python3.11/contextlib.py", line 155, in __exit__
    self.gen.throw(typ, value, traceback)
  File "/Users/ljn/.pyenv/versions/3.11.5/lib/python3.11/site-packages/starlette/_utils.py", line 83, in collapse_excgroups
    raise exc
  File "/Users/ljn/.pyenv/versions/3.11.5/lib/python3.11/site-packages/starlette/middleware/base.py", line 187, in __call__
    response = await self.dispatch_func(request, call_next)
               ^^^^^^^^^^^^^^^^^^^^^^^^^^^^^^^^^^^^^^^^^^^^
  File "/Users/ljn/.pyenv/versions/3.11.5/lib/python3.11/site-packages/slowapi/middleware.py", line 128, in dispatch
    return await call_next(request)
           ^^^^^^^^^^^^^^^^^^^^^^^^
  File "/Users/ljn/.pyenv/versions/3.11.5/lib/python3.11/site-packages/starlette/middleware/base.py", line 163, in call_next
    raise app_exc
  File "/Users/ljn/.pyenv/versions/3.11.5/lib/python3.11/site-packages/starlette/middleware/base.py", line 149, in coro
    await self.app(scope, receive_or_disconnect, send_no_error)
  File "/Users/ljn/.pyenv/versions/3.11.5/lib/python3.11/site-packages/starlette/middleware/cors.py", line 85, in __call__
    await self.app(scope, receive, send)
  File "/Users/ljn/.pyenv/versions/3.11.5/lib/python3.11/site-packages/starlette/middleware/exceptions.py", line 62, in __call__
    await wrap_app_handling_exceptions(self.app, conn)(scope, receive, send)
  File "/Users/ljn/.pyenv/versions/3.11.5/lib/python3.11/site-packages/starlette/_exception_handler.py", line 62, in wrapped_app
    raise exc
  File "/Users/ljn/.pyenv/versions/3.11.5/lib/python3.11/site-packages/starlette/_exception_handler.py", line 51, in wrapped_app
    await app(scope, receive, sender)
  File "/Users/ljn/.pyenv/versions/3.11.5/lib/python3.11/site-packages/starlette/routing.py", line 715, in __call__
    await self.middleware_stack(scope, receive, send)
  File "/Users/ljn/.pyenv/versions/3.11.5/lib/python3.11/site-packages/starlette/routing.py", line 735, in app
    await route.handle(scope, receive, send)
  File "/Users/ljn/.pyenv/versions/3.11.5/lib/python3.11/site-packages/starlette/routing.py", line 288, in handle
    await self.app(scope, receive, send)
  File "/Users/ljn/.pyenv/versions/3.11.5/lib/python3.11/site-packages/starlette/routing.py", line 76, in app
    await wrap_app_handling_exceptions(app, request)(scope, receive, send)
  File "/Users/ljn/.pyenv/versions/3.11.5/lib/python3.11/site-packages/starlette/_exception_handler.py", line 62, in wrapped_app
    raise exc
  File "/Users/ljn/.pyenv/versions/3.11.5/lib/python3.11/site-packages/starlette/_exception_handler.py", line 51, in wrapped_app
    await app(scope, receive, sender)
  File "/Users/ljn/.pyenv/versions/3.11.5/lib/python3.11/site-packages/starlette/routing.py", line 73, in app
    response = await f(request)
               ^^^^^^^^^^^^^^^^
  File "/Users/ljn/.pyenv/versions/3.11.5/lib/python3.11/site-packages/fastapi/routing.py", line 301, in app
    raw_response = await run_endpoint_function(
                   ^^^^^^^^^^^^^^^^^^^^^^^^^^^^
  File "/Users/ljn/.pyenv/versions/3.11.5/lib/python3.11/site-packages/fastapi/routing.py", line 214, in run_endpoint_function
    return await run_in_threadpool(dependant.call, **values)
           ^^^^^^^^^^^^^^^^^^^^^^^^^^^^^^^^^^^^^^^^^^^^^^^^^
  File "/Users/ljn/.pyenv/versions/3.11.5/lib/python3.11/site-packages/starlette/concurrency.py", line 39, in run_in_threadpool
    return await anyio.to_thread.run_sync(func, *args)
           ^^^^^^^^^^^^^^^^^^^^^^^^^^^^^^^^^^^^^^^^^^^
  File "/Users/ljn/.pyenv/versions/3.11.5/lib/python3.11/site-packages/anyio/to_thread.py", line 63, in run_sync
    return await get_async_backend().run_sync_in_worker_thread(
           ^^^^^^^^^^^^^^^^^^^^^^^^^^^^^^^^^^^^^^^^^^^^^^^^^^^^
  File "/Users/ljn/.pyenv/versions/3.11.5/lib/python3.11/site-packages/anyio/_backends/_asyncio.py", line 2502, in run_sync_in_worker_thread
    return await future
           ^^^^^^^^^^^^
  File "/Users/ljn/.pyenv/versions/3.11.5/lib/python3.11/site-packages/anyio/_backends/_asyncio.py", line 986, in run
    result = context.run(func, *args)
             ^^^^^^^^^^^^^^^^^^^^^^^^
  File "/Users/ljn/.pyenv/versions/3.11.5/lib/python3.11/site-packages/slowapi/extension.py", line 766, in sync_wrapper
    response = func(*args, **kwargs)
               ^^^^^^^^^^^^^^^^^^^^^
  File "/Users/ljn/Documents/demo/explore/backend/app/api/agent.py", line 120, in get_conversations
    return list_conversation_items(db, farm=farm, limit=limit)
           ^^^^^^^^^^^^^^^^^^^^^^^^^^^^^^^^^^^^^^^^^^^^^^^^^^^
  File "/Users/ljn/Documents/demo/explore/backend/app/agent/application/history_use_case.py", line 110, in list_conversation_items
    title, preview, category = _build_conversation_summary(
                               ^^^^^^^^^^^^^^^^^^^^^^^^^^^^
  File "/Users/ljn/Documents/demo/explore/backend/app/agent/application/history_use_case.py", line 84, in _build_conversation_summary
    messages = get_conversation_messages(db, session_id, farm_id=farm_id)
               ^^^^^^^^^^^^^^^^^^^^^^^^^^^^^^^^^^^^^^^^^^^^^^^^^^^^^^^^^^
  File "/Users/ljn/Documents/demo/explore/backend/app/services/conversation_service.py", line 207, in get_conversation_messages
    return run_maybe_awaitable(
           ^^^^^^^^^^^^^^^^^^^^
  File "/Users/ljn/Documents/demo/explore/backend/app/infra/repository_runtime.py", line 66, in run_maybe_awaitable
    return asyncio.run(value)
           ^^^^^^^^^^^^^^^^^^
  File "/Users/ljn/.pyenv/versions/3.11.5/lib/python3.11/asyncio/runners.py", line 190, in run
    return runner.run(main)
           ^^^^^^^^^^^^^^^^
  File "/Users/ljn/.pyenv/versions/3.11.5/lib/python3.11/asyncio/runners.py", line 118, in run
    return self._loop.run_until_complete(task)
           ^^^^^^^^^^^^^^^^^^^^^^^^^^^^^^^^^^^
  File "uvloop/loop.pyx", line 1518, in uvloop.loop.Loop.run_until_complete
  File "/Users/ljn/Documents/demo/explore/backend/app/infra/online_document_conversation.py", line 134, in list_by_session
    docs = await cursor.to_list(None)
           ^^^^^^^^^^^^^^^^^^^^^^^^^^
RuntimeError: Task <Task pending name='Task-35' coro=<MongoConversationMessageRepository.list_by_session() running at /Users/ljn/Documents/demo/explore/backend/app/infra/online_document_conversation.py:134> cb=[run_until_complete.<locals>.done_cb()]> got Future <Future pending> attached to a different loop
[90m2026-07-06 15:21:49,561[0m │ - │ uvicorn.access │ INFO │ 127.0.0.1:61817 - "GET /agent/conversations?limit=50&simulate_user_id=708acc47-00f1-40e5-892d-4e081cac7d96 HTTP/1.1" 500
[90m2026-07-06 15:21:49,940[0m │ - │ app.infra.repository_runtime │ WARNING │ MySQL 文档表不存在，强制切换 Mongo 仓储 | code=document_table_missing_use_mongo object=conversation_messages table=conversation_messages configured=mysql
[90m2026-07-06 15:21:49,975[0m │ - │ app.bootstrap.exceptions │ ERROR │ 未捕获异常 | path=/agent/conversations
  + Exception Group Traceback (most recent call last):
  |   File "/Users/ljn/.pyenv/versions/3.11.5/lib/python3.11/site-packages/starlette/_utils.py", line 77, in collapse_excgroups
  |     yield
  |   File "/Users/ljn/.pyenv/versions/3.11.5/lib/python3.11/site-packages/starlette/middleware/base.py", line 186, in __call__
  |     async with anyio.create_task_group() as task_group:
  |   File "/Users/ljn/.pyenv/versions/3.11.5/lib/python3.11/site-packages/anyio/_backends/_asyncio.py", line 783, in __aexit__
  |     raise BaseExceptionGroup(
  | ExceptionGroup: unhandled errors in a TaskGroup (1 sub-exception)
  +-+---------------- 1 ----------------
    | Traceback (most recent call last):
    |   File "/Users/ljn/.pyenv/versions/3.11.5/lib/python3.11/site-packages/starlette/middleware/errors.py", line 165, in __call__
    |     await self.app(scope, receive, _send)
    |   File "/Users/ljn/.pyenv/versions/3.11.5/lib/python3.11/site-packages/starlette/middleware/base.py", line 185, in __call__
    |     with collapse_excgroups():
    |   File "/Users/ljn/.pyenv/versions/3.11.5/lib/python3.11/contextlib.py", line 155, in __exit__
    |     self.gen.throw(typ, value, traceback)
    |   File "/Users/ljn/.pyenv/versions/3.11.5/lib/python3.11/site-packages/starlette/_utils.py", line 83, in collapse_excgroups
    |     raise exc
    |   File "/Users/ljn/.pyenv/versions/3.11.5/lib/python3.11/site-packages/starlette/middleware/base.py", line 187, in __call__
    |     response = await self.dispatch_func(request, call_next)
    |                ^^^^^^^^^^^^^^^^^^^^^^^^^^^^^^^^^^^^^^^^^^^^
    |   File "/Users/ljn/Documents/demo/explore/backend/app/bootstrap/middleware.py", line 51, in date_injection_middleware
    |     return await call_next(request)
    |            ^^^^^^^^^^^^^^^^^^^^^^^^
    |   File "/Users/ljn/.pyenv/versions/3.11.5/lib/python3.11/site-packages/starlette/middleware/base.py", line 163, in call_next
    |     raise app_exc
    |   File "/Users/ljn/.pyenv/versions/3.11.5/lib/python3.11/site-packages/starlette/middleware/base.py", line 149, in coro
    |     await self.app(scope, receive_or_disconnect, send_no_error)
    |   File "/Users/ljn/.pyenv/versions/3.11.5/lib/python3.11/site-packages/starlette/middleware/base.py", line 185, in __call__
    |     with collapse_excgroups():
    |   File "/Users/ljn/.pyenv/versions/3.11.5/lib/python3.11/contextlib.py", line 155, in __exit__
    |     self.gen.throw(typ, value, traceback)
    |   File "/Users/ljn/.pyenv/versions/3.11.5/lib/python3.11/site-packages/starlette/_utils.py", line 83, in collapse_excgroups
    |     raise exc
    |   File "/Users/ljn/.pyenv/versions/3.11.5/lib/python3.11/site-packages/starlette/middleware/base.py", line 187, in __call__
    |     response = await self.dispatch_func(request, call_next)
    |                ^^^^^^^^^^^^^^^^^^^^^^^^^^^^^^^^^^^^^^^^^^^^
    |   File "/Users/ljn/.pyenv/versions/3.11.5/lib/python3.11/site-packages/slowapi/middleware.py", line 128, in dispatch
    |     return await call_next(request)
    |            ^^^^^^^^^^^^^^^^^^^^^^^^
    |   File "/Users/ljn/.pyenv/versions/3.11.5/lib/python3.11/site-packages/starlette/middleware/base.py", line 163, in call_next
    |     raise app_exc
    |   File "/Users/ljn/.pyenv/versions/3.11.5/lib/python3.11/site-packages/starlette/middleware/base.py", line 149, in coro
    |     await self.app(scope, receive_or_disconnect, send_no_error)
    |   File "/Users/ljn/.pyenv/versions/3.11.5/lib/python3.11/site-packages/starlette/middleware/cors.py", line 85, in __call__
    |     await self.app(scope, receive, send)
    |   File "/Users/ljn/.pyenv/versions/3.11.5/lib/python3.11/site-packages/starlette/middleware/exceptions.py", line 62, in __call__
    |     await wrap_app_handling_exceptions(self.app, conn)(scope, receive, send)
    |   File "/Users/ljn/.pyenv/versions/3.11.5/lib/python3.11/site-packages/starlette/_exception_handler.py", line 62, in wrapped_app
    |     raise exc
    |   File "/Users/ljn/.pyenv/versions/3.11.5/lib/python3.11/site-packages/starlette/_exception_handler.py", line 51, in wrapped_app
    |     await app(scope, receive, sender)
    |   File "/Users/ljn/.pyenv/versions/3.11.5/lib/python3.11/site-packages/starlette/routing.py", line 715, in __call__
    |     await self.middleware_stack(scope, receive, send)
    |   File "/Users/ljn/.pyenv/versions/3.11.5/lib/python3.11/site-packages/starlette/routing.py", line 735, in app
    |     await route.handle(scope, receive, send)
    |   File "/Users/ljn/.pyenv/versions/3.11.5/lib/python3.11/site-packages/starlette/routing.py", line 288, in handle
    |     await self.app(scope, receive, send)
    |   File "/Users/ljn/.pyenv/versions/3.11.5/lib/python3.11/site-packages/starlette/routing.py", line 76, in app
    |     await wrap_app_handling_exceptions(app, request)(scope, receive, send)
    |   File "/Users/ljn/.pyenv/versions/3.11.5/lib/python3.11/site-packages/starlette/_exception_handler.py", line 62, in wrapped_app
    |     raise exc
    |   File "/Users/ljn/.pyenv/versions/3.11.5/lib/python3.11/site-packages/starlette/_exception_handler.py", line 51, in wrapped_app
    |     await app(scope, receive, sender)
    |   File "/Users/ljn/.pyenv/versions/3.11.5/lib/python3.11/site-packages/starlette/routing.py", line 73, in app
    |     response = await f(request)
    |                ^^^^^^^^^^^^^^^^
    |   File "/Users/ljn/.pyenv/versions/3.11.5/lib/python3.11/site-packages/fastapi/routing.py", line 301, in app
    |     raw_response = await run_endpoint_function(
    |                    ^^^^^^^^^^^^^^^^^^^^^^^^^^^^
    |   File "/Users/ljn/.pyenv/versions/3.11.5/lib/python3.11/site-packages/fastapi/routing.py", line 214, in run_endpoint_function
    |     return await run_in_threadpool(dependant.call, **values)
    |            ^^^^^^^^^^^^^^^^^^^^^^^^^^^^^^^^^^^^^^^^^^^^^^^^^
    |   File "/Users/ljn/.pyenv/versions/3.11.5/lib/python3.11/site-packages/starlette/concurrency.py", line 39, in run_in_threadpool
    |     return await anyio.to_thread.run_sync(func, *args)
    |            ^^^^^^^^^^^^^^^^^^^^^^^^^^^^^^^^^^^^^^^^^^^
    |   File "/Users/ljn/.pyenv/versions/3.11.5/lib/python3.11/site-packages/anyio/to_thread.py", line 63, in run_sync
    |     return await get_async_backend().run_sync_in_worker_thread(
    |            ^^^^^^^^^^^^^^^^^^^^^^^^^^^^^^^^^^^^^^^^^^^^^^^^^^^^
    |   File "/Users/ljn/.pyenv/versions/3.11.5/lib/python3.11/site-packages/anyio/_backends/_asyncio.py", line 2502, in run_sync_in_worker_thread
    |     return await future
    |            ^^^^^^^^^^^^
    |   File "/Users/ljn/.pyenv/versions/3.11.5/lib/python3.11/site-packages/anyio/_backends/_asyncio.py", line 986, in run
    |     result = context.run(func, *args)
    |              ^^^^^^^^^^^^^^^^^^^^^^^^
    |   File "/Users/ljn/.pyenv/versions/3.11.5/lib/python3.11/site-packages/slowapi/extension.py", line 766, in sync_wrapper
    |     response = func(*args, **kwargs)
    |                ^^^^^^^^^^^^^^^^^^^^^
    |   File "/Users/ljn/Documents/demo/explore/backend/app/api/agent.py", line 120, in get_conversations
    |     return list_conversation_items(db, farm=farm, limit=limit)
    |            ^^^^^^^^^^^^^^^^^^^^^^^^^^^^^^^^^^^^^^^^^^^^^^^^^^^
    |   File "/Users/ljn/Documents/demo/explore/backend/app/agent/application/history_use_case.py", line 110, in list_conversation_items
    |     title, preview, category = _build_conversation_summary(
    |                                ^^^^^^^^^^^^^^^^^^^^^^^^^^^^
    |   File "/Users/ljn/Documents/demo/explore/backend/app/agent/application/history_use_case.py", line 84, in _build_conversation_summary
    |     messages = get_conversation_messages(db, session_id, farm_id=farm_id)
    |                ^^^^^^^^^^^^^^^^^^^^^^^^^^^^^^^^^^^^^^^^^^^^^^^^^^^^^^^^^^
    |   File "/Users/ljn/Documents/demo/explore/backend/app/services/conversation_service.py", line 207, in get_conversation_messages
    |     return run_maybe_awaitable(
    |            ^^^^^^^^^^^^^^^^^^^^
    |   File "/Users/ljn/Documents/demo/explore/backend/app/infra/repository_runtime.py", line 66, in run_maybe_awaitable
    |     return asyncio.run(value)
    |            ^^^^^^^^^^^^^^^^^^
    |   File "/Users/ljn/.pyenv/versions/3.11.5/lib/python3.11/asyncio/runners.py", line 190, in run
    |     return runner.run(main)
    |            ^^^^^^^^^^^^^^^^
    |   File "/Users/ljn/.pyenv/versions/3.11.5/lib/python3.11/asyncio/runners.py", line 118, in run
    |     return self._loop.run_until_complete(task)
    |            ^^^^^^^^^^^^^^^^^^^^^^^^^^^^^^^^^^^
    |   File "uvloop/loop.pyx", line 1518, in uvloop.loop.Loop.run_until_complete
    |   File "/Users/ljn/Documents/demo/explore/backend/app/infra/online_document_conversation.py", line 134, in list_by_session
    |     docs = await cursor.to_list(None)
    |            ^^^^^^^^^^^^^^^^^^^^^^^^^^
    | RuntimeError: Task <Task pending name='Task-43' coro=<MongoConversationMessageRepository.list_by_session() running at /Users/ljn/Documents/demo/explore/backend/app/infra/online_document_conversation.py:134> cb=[run_until_complete.<locals>.done_cb()]> got Future <Future pending> attached to a different loop
    +------------------------------------

During handling of the above exception, another exception occurred:

Traceback (most recent call last):
  File "/Users/ljn/.pyenv/versions/3.11.5/lib/python3.11/site-packages/starlette/middleware/errors.py", line 165, in __call__
    await self.app(scope, receive, _send)
  File "/Users/ljn/.pyenv/versions/3.11.5/lib/python3.11/site-packages/starlette/middleware/base.py", line 185, in __call__
    with collapse_excgroups():
  File "/Users/ljn/.pyenv/versions/3.11.5/lib/python3.11/contextlib.py", line 155, in __exit__
    self.gen.throw(typ, value, traceback)
  File "/Users/ljn/.pyenv/versions/3.11.5/lib/python3.11/site-packages/starlette/_utils.py", line 83, in collapse_excgroups
    raise exc
  File "/Users/ljn/.pyenv/versions/3.11.5/lib/python3.11/site-packages/starlette/middleware/base.py", line 187, in __call__
    response = await self.dispatch_func(request, call_next)
               ^^^^^^^^^^^^^^^^^^^^^^^^^^^^^^^^^^^^^^^^^^^^
  File "/Users/ljn/Documents/demo/explore/backend/app/bootstrap/middleware.py", line 51, in date_injection_middleware
    return await call_next(request)
           ^^^^^^^^^^^^^^^^^^^^^^^^
  File "/Users/ljn/.pyenv/versions/3.11.5/lib/python3.11/site-packages/starlette/middleware/base.py", line 163, in call_next
    raise app_exc
  File "/Users/ljn/.pyenv/versions/3.11.5/lib/python3.11/site-packages/starlette/middleware/base.py", line 149, in coro
    await self.app(scope, receive_or_disconnect, send_no_error)
  File "/Users/ljn/.pyenv/versions/3.11.5/lib/python3.11/site-packages/starlette/middleware/base.py", line 185, in __call__
    with collapse_excgroups():
  File "/Users/ljn/.pyenv/versions/3.11.5/lib/python3.11/contextlib.py", line 155, in __exit__
    self.gen.throw(typ, value, traceback)
  File "/Users/ljn/.pyenv/versions/3.11.5/lib/python3.11/site-packages/starlette/_utils.py", line 83, in collapse_excgroups
    raise exc
  File "/Users/ljn/.pyenv/versions/3.11.5/lib/python3.11/site-packages/starlette/middleware/base.py", line 187, in __call__
    response = await self.dispatch_func(request, call_next)
               ^^^^^^^^^^^^^^^^^^^^^^^^^^^^^^^^^^^^^^^^^^^^
  File "/Users/ljn/.pyenv/versions/3.11.5/lib/python3.11/site-packages/slowapi/middleware.py", line 128, in dispatch
    return await call_next(request)
           ^^^^^^^^^^^^^^^^^^^^^^^^
  File "/Users/ljn/.pyenv/versions/3.11.5/lib/python3.11/site-packages/starlette/middleware/base.py", line 163, in call_next
    raise app_exc
  File "/Users/ljn/.pyenv/versions/3.11.5/lib/python3.11/site-packages/starlette/middleware/base.py", line 149, in coro
    await self.app(scope, receive_or_disconnect, send_no_error)
  File "/Users/ljn/.pyenv/versions/3.11.5/lib/python3.11/site-packages/starlette/middleware/cors.py", line 85, in __call__
    await self.app(scope, receive, send)
  File "/Users/ljn/.pyenv/versions/3.11.5/lib/python3.11/site-packages/starlette/middleware/exceptions.py", line 62, in __call__
    await wrap_app_handling_exceptions(self.app, conn)(scope, receive, send)
  File "/Users/ljn/.pyenv/versions/3.11.5/lib/python3.11/site-packages/starlette/_exception_handler.py", line 62, in wrapped_app
    raise exc
  File "/Users/ljn/.pyenv/versions/3.11.5/lib/python3.11/site-packages/starlette/_exception_handler.py", line 51, in wrapped_app
    await app(scope, receive, sender)
  File "/Users/ljn/.pyenv/versions/3.11.5/lib/python3.11/site-packages/starlette/routing.py", line 715, in __call__
    await self.middleware_stack(scope, receive, send)
  File "/Users/ljn/.pyenv/versions/3.11.5/lib/python3.11/site-packages/starlette/routing.py", line 735, in app
    await route.handle(scope, receive, send)
  File "/Users/ljn/.pyenv/versions/3.11.5/lib/python3.11/site-packages/starlette/routing.py", line 288, in handle
    await self.app(scope, receive, send)
  File "/Users/ljn/.pyenv/versions/3.11.5/lib/python3.11/site-packages/starlette/routing.py", line 76, in app
    await wrap_app_handling_exceptions(app, request)(scope, receive, send)
  File "/Users/ljn/.pyenv/versions/3.11.5/lib/python3.11/site-packages/starlette/_exception_handler.py", line 62, in wrapped_app
    raise exc
  File "/Users/ljn/.pyenv/versions/3.11.5/lib/python3.11/site-packages/starlette/_exception_handler.py", line 51, in wrapped_app
    await app(scope, receive, sender)
  File "/Users/ljn/.pyenv/versions/3.11.5/lib/python3.11/site-packages/starlette/routing.py", line 73, in app
    response = await f(request)
               ^^^^^^^^^^^^^^^^
  File "/Users/ljn/.pyenv/versions/3.11.5/lib/python3.11/site-packages/fastapi/routing.py", line 301, in app
    raw_response = await run_endpoint_function(
                   ^^^^^^^^^^^^^^^^^^^^^^^^^^^^
  File "/Users/ljn/.pyenv/versions/3.11.5/lib/python3.11/site-packages/fastapi/routing.py", line 214, in run_endpoint_function
    return await run_in_threadpool(dependant.call, **values)
           ^^^^^^^^^^^^^^^^^^^^^^^^^^^^^^^^^^^^^^^^^^^^^^^^^
  File "/Users/ljn/.pyenv/versions/3.11.5/lib/python3.11/site-packages/starlette/concurrency.py", line 39, in run_in_threadpool
    return await anyio.to_thread.run_sync(func, *args)
           ^^^^^^^^^^^^^^^^^^^^^^^^^^^^^^^^^^^^^^^^^^^
  File "/Users/ljn/.pyenv/versions/3.11.5/lib/python3.11/site-packages/anyio/to_thread.py", line 63, in run_sync
    return await get_async_backend().run_sync_in_worker_thread(
           ^^^^^^^^^^^^^^^^^^^^^^^^^^^^^^^^^^^^^^^^^^^^^^^^^^^^
  File "/Users/ljn/.pyenv/versions/3.11.5/lib/python3.11/site-packages/anyio/_backends/_asyncio.py", line 2502, in run_sync_in_worker_thread
    return await future
           ^^^^^^^^^^^^
  File "/Users/ljn/.pyenv/versions/3.11.5/lib/python3.11/site-packages/anyio/_backends/_asyncio.py", line 986, in run
    result = context.run(func, *args)
             ^^^^^^^^^^^^^^^^^^^^^^^^
  File "/Users/ljn/.pyenv/versions/3.11.5/lib/python3.11/site-packages/slowapi/extension.py", line 766, in sync_wrapper
    response = func(*args, **kwargs)
               ^^^^^^^^^^^^^^^^^^^^^
  File "/Users/ljn/Documents/demo/explore/backend/app/api/agent.py", line 120, in get_conversations
    return list_conversation_items(db, farm=farm, limit=limit)
           ^^^^^^^^^^^^^^^^^^^^^^^^^^^^^^^^^^^^^^^^^^^^^^^^^^^
  File "/Users/ljn/Documents/demo/explore/backend/app/agent/application/history_use_case.py", line 110, in list_conversation_items
    title, preview, category = _build_conversation_summary(
                               ^^^^^^^^^^^^^^^^^^^^^^^^^^^^
  File "/Users/ljn/Documents/demo/explore/backend/app/agent/application/history_use_case.py", line 84, in _build_conversation_summary
    messages = get_conversation_messages(db, session_id, farm_id=farm_id)
               ^^^^^^^^^^^^^^^^^^^^^^^^^^^^^^^^^^^^^^^^^^^^^^^^^^^^^^^^^^
  File "/Users/ljn/Documents/demo/explore/backend/app/services/conversation_service.py", line 207, in get_conversation_messages
    return run_maybe_awaitable(
           ^^^^^^^^^^^^^^^^^^^^
  File "/Users/ljn/Documents/demo/explore/backend/app/infra/repository_runtime.py", line 66, in run_maybe_awaitable
    return asyncio.run(value)
           ^^^^^^^^^^^^^^^^^^
  File "/Users/ljn/.pyenv/versions/3.11.5/lib/python3.11/asyncio/runners.py", line 190, in run
    return runner.run(main)
           ^^^^^^^^^^^^^^^^
  File "/Users/ljn/.pyenv/versions/3.11.5/lib/python3.11/asyncio/runners.py", line 118, in run
    return self._loop.run_until_complete(task)
           ^^^^^^^^^^^^^^^^^^^^^^^^^^^^^^^^^^^
  File "uvloop/loop.pyx", line 1518, in uvloop.loop.Loop.run_until_complete
  File "/Users/ljn/Documents/demo/explore/backend/app/infra/online_document_conversation.py", line 134, in list_by_session
    docs = await cursor.to_list(None)
           ^^^^^^^^^^^^^^^^^^^^^^^^^^
RuntimeError: Task <Task pending name='Task-43' coro=<MongoConversationMessageRepository.list_by_session() running at /Users/ljn/Documents/demo/explore/backend/app/infra/online_document_conversation.py:134> cb=[run_until_complete.<locals>.done_cb()]> got Future <Future pending> attached to a different loop
[90m2026-07-06 15:21:49,981[0m │ - │ uvicorn.access │ INFO │ 127.0.0.1:61820 - "GET /agent/conversations?limit=50&simulate_user_id=708acc47-00f1-40e5-892d-4e081cac7d96 HTTP/1.1" 500
/Users/ljn/.pyenv/versions/3.11.5/lib/python3.11/site-packages/langchain/__init__.py:30: UserWarning: Importing verbose from langchain root module is no longer supported. Please use langchain.globals.set_verbose() / langchain.globals.get_verbose() instead.
  warnings.warn(
/Users/ljn/.pyenv/versions/3.11.5/lib/python3.11/site-packages/langchain/__init__.py:30: UserWarning: Importing debug from langchain root module is no longer supported. Please use langchain.globals.set_debug() / langchain.globals.get_debug() instead.
  warnings.warn(
/Users/ljn/.pyenv/versions/3.11.5/lib/python3.11/site-packages/langchain/__init__.py:30: UserWarning: Importing llm_cache from langchain root module is no longer supported. Please use langchain.globals.set_llm_cache() / langchain.globals.get_llm_cache() instead.
  warnings.warn(
[90m2026-07-06 15:26:35,452[0m │ - │ uvicorn.error │ INFO │ Started server process [29527]
[90m2026-07-06 15:26:35,452[0m │ - │ uvicorn.error │ INFO │ Waiting for application startup.
[90m2026-07-06 15:26:35,557[0m │ - │ alembic.runtime.plugins │ INFO │ setup plugin alembic.autogenerate.schemas
[90m2026-07-06 15:26:35,557[0m │ - │ alembic.runtime.plugins │ INFO │ setup plugin alembic.autogenerate.tables
[90m2026-07-06 15:26:35,557[0m │ - │ alembic.runtime.plugins │ INFO │ setup plugin alembic.autogenerate.types
[90m2026-07-06 15:26:35,557[0m │ - │ alembic.runtime.plugins │ INFO │ setup plugin alembic.autogenerate.constraints
[90m2026-07-06 15:26:35,557[0m │ - │ alembic.runtime.plugins │ INFO │ setup plugin alembic.autogenerate.defaults
[90m2026-07-06 15:26:35,557[0m │ - │ alembic.runtime.plugins │ INFO │ setup plugin alembic.autogenerate.comments
INFO  [alembic.runtime.migration] Context impl MySQLImpl.
INFO  [alembic.runtime.migration] Will assume non-transactional DDL.
[90m2026-07-06 15:26:36,049[0m │ - │ app.prompt.registry │ INFO │ Prompt 加载完成 | count=6
[90m2026-07-06 15:26:36,050[0m │ - │ app.bootstrap.lifespan │ INFO │ Prompt 模板已加载 | dir=/Users/ljn/Documents/demo/explore/backend/prompts
[90m2026-07-06 15:26:36,051[0m │ - │ app.prompt.composer │ INFO │ Snippet 加载完成 | count=10
[90m2026-07-06 15:26:36,054[0m │ - │ app.prompt.composer │ INFO │ Compositions 加载完成 | count=8
[90m2026-07-06 15:26:36,054[0m │ - │ app.bootstrap.lifespan │ INFO │ PromptComposer 初始化完成
[90m2026-07-06 15:26:36,062[0m │ - │ app.infra.mongo │ INFO │ MongoDB client 已初始化 | code=mongo_client_initialized uri=mongodb://root:***@43.155.217.74:27017/?authSource=admin database=farm_manager
[90m2026-07-06 15:26:36,062[0m │ - │ app.infra.trace_collector │ INFO │ TraceDAO 已初始化
[90m2026-07-06 15:26:36,062[0m │ - │ app.infra.trace_collector │ INFO │ Trace 后台 worker 已启动
[90m2026-07-06 15:26:36,110[0m │ - │ app.infra.trace_cleaner │ WARNING │ Trace TTL 跳过缺失的 MySQL 表 | code=trace_records_table_missing
[90m2026-07-06 15:26:36,145[0m │ - │ app.infra.trace_cleaner │ INFO │ TTL 清理完成 | trace_deleted=0 stats_deleted=0
[90m2026-07-06 15:26:57,859[0m │ - │ uvicorn.access │ INFO │ 127.0.0.1:62054 - "GET /health HTTP/1.1" 200
[90m2026-07-06 15:26:58,047[0m │ - │ uvicorn.access │ INFO │ 127.0.0.1:62058 - "GET /agent/conversations?limit=50 HTTP/1.1" 200
[90m2026-07-06 15:26:58,866[0m │ - │ uvicorn.access │ INFO │ 127.0.0.1:62059 - "GET /admin/traces?limit=20&offset=0 HTTP/1.1" 200
[90m2026-07-06 15:26:58,979[0m │ 082ff7c9 │ app.agent.application.advice_use_case │ INFO │ [082ff7c9] GET /agent/daily | cycle_id=None
[90m2026-07-06 15:26:59,769[0m │ 082ff7c9 │ app.infra.repository_runtime │ WARNING │ MySQL 文档表不存在，强制切换 Mongo 仓储 | code=document_table_missing_use_mongo object=agent_records table=agent_records configured=mysql
[90m2026-07-06 15:26:59,816[0m │ - │ app.bootstrap.exceptions │ ERROR │ 未捕获异常 | path=/agent/daily
  + Exception Group Traceback (most recent call last):
  |   File "/Users/ljn/.pyenv/versions/3.11.5/lib/python3.11/site-packages/starlette/_utils.py", line 77, in collapse_excgroups
  |     yield
  |   File "/Users/ljn/.pyenv/versions/3.11.5/lib/python3.11/site-packages/starlette/middleware/base.py", line 186, in __call__
  |     async with anyio.create_task_group() as task_group:
  |   File "/Users/ljn/.pyenv/versions/3.11.5/lib/python3.11/site-packages/anyio/_backends/_asyncio.py", line 783, in __aexit__
  |     raise BaseExceptionGroup(
  | ExceptionGroup: unhandled errors in a TaskGroup (1 sub-exception)
  +-+---------------- 1 ----------------
    | Traceback (most recent call last):
    |   File "/Users/ljn/.pyenv/versions/3.11.5/lib/python3.11/site-packages/starlette/middleware/errors.py", line 165, in __call__
    |     await self.app(scope, receive, _send)
    |   File "/Users/ljn/.pyenv/versions/3.11.5/lib/python3.11/site-packages/starlette/middleware/base.py", line 185, in __call__
    |     with collapse_excgroups():
    |   File "/Users/ljn/.pyenv/versions/3.11.5/lib/python3.11/contextlib.py", line 155, in __exit__
    |     self.gen.throw(typ, value, traceback)
    |   File "/Users/ljn/.pyenv/versions/3.11.5/lib/python3.11/site-packages/starlette/_utils.py", line 83, in collapse_excgroups
    |     raise exc
    |   File "/Users/ljn/.pyenv/versions/3.11.5/lib/python3.11/site-packages/starlette/middleware/base.py", line 187, in __call__
    |     response = await self.dispatch_func(request, call_next)
    |                ^^^^^^^^^^^^^^^^^^^^^^^^^^^^^^^^^^^^^^^^^^^^
    |   File "/Users/ljn/Documents/demo/explore/backend/app/bootstrap/middleware.py", line 51, in date_injection_middleware
    |     return await call_next(request)
    |            ^^^^^^^^^^^^^^^^^^^^^^^^
    |   File "/Users/ljn/.pyenv/versions/3.11.5/lib/python3.11/site-packages/starlette/middleware/base.py", line 163, in call_next
    |     raise app_exc
    |   File "/Users/ljn/.pyenv/versions/3.11.5/lib/python3.11/site-packages/starlette/middleware/base.py", line 149, in coro
    |     await self.app(scope, receive_or_disconnect, send_no_error)
    |   File "/Users/ljn/.pyenv/versions/3.11.5/lib/python3.11/site-packages/starlette/middleware/base.py", line 185, in __call__
    |     with collapse_excgroups():
    |   File "/Users/ljn/.pyenv/versions/3.11.5/lib/python3.11/contextlib.py", line 155, in __exit__
    |     self.gen.throw(typ, value, traceback)
    |   File "/Users/ljn/.pyenv/versions/3.11.5/lib/python3.11/site-packages/starlette/_utils.py", line 83, in collapse_excgroups
    |     raise exc
    |   File "/Users/ljn/.pyenv/versions/3.11.5/lib/python3.11/site-packages/starlette/middleware/base.py", line 187, in __call__
    |     response = await self.dispatch_func(request, call_next)
    |                ^^^^^^^^^^^^^^^^^^^^^^^^^^^^^^^^^^^^^^^^^^^^
    |   File "/Users/ljn/.pyenv/versions/3.11.5/lib/python3.11/site-packages/slowapi/middleware.py", line 128, in dispatch
    |     return await call_next(request)
    |            ^^^^^^^^^^^^^^^^^^^^^^^^
    |   File "/Users/ljn/.pyenv/versions/3.11.5/lib/python3.11/site-packages/starlette/middleware/base.py", line 163, in call_next
    |     raise app_exc
    |   File "/Users/ljn/.pyenv/versions/3.11.5/lib/python3.11/site-packages/starlette/middleware/base.py", line 149, in coro
    |     await self.app(scope, receive_or_disconnect, send_no_error)
    |   File "/Users/ljn/.pyenv/versions/3.11.5/lib/python3.11/site-packages/starlette/middleware/cors.py", line 85, in __call__
    |     await self.app(scope, receive, send)
    |   File "/Users/ljn/.pyenv/versions/3.11.5/lib/python3.11/site-packages/starlette/middleware/exceptions.py", line 62, in __call__
    |     await wrap_app_handling_exceptions(self.app, conn)(scope, receive, send)
    |   File "/Users/ljn/.pyenv/versions/3.11.5/lib/python3.11/site-packages/starlette/_exception_handler.py", line 62, in wrapped_app
    |     raise exc
    |   File "/Users/ljn/.pyenv/versions/3.11.5/lib/python3.11/site-packages/starlette/_exception_handler.py", line 51, in wrapped_app
    |     await app(scope, receive, sender)
    |   File "/Users/ljn/.pyenv/versions/3.11.5/lib/python3.11/site-packages/starlette/routing.py", line 715, in __call__
    |     await self.middleware_stack(scope, receive, send)
    |   File "/Users/ljn/.pyenv/versions/3.11.5/lib/python3.11/site-packages/starlette/routing.py", line 735, in app
    |     await route.handle(scope, receive, send)
    |   File "/Users/ljn/.pyenv/versions/3.11.5/lib/python3.11/site-packages/starlette/routing.py", line 288, in handle
    |     await self.app(scope, receive, send)
    |   File "/Users/ljn/.pyenv/versions/3.11.5/lib/python3.11/site-packages/starlette/routing.py", line 76, in app
    |     await wrap_app_handling_exceptions(app, request)(scope, receive, send)
    |   File "/Users/ljn/.pyenv/versions/3.11.5/lib/python3.11/site-packages/starlette/_exception_handler.py", line 62, in wrapped_app
    |     raise exc
    |   File "/Users/ljn/.pyenv/versions/3.11.5/lib/python3.11/site-packages/starlette/_exception_handler.py", line 51, in wrapped_app
    |     await app(scope, receive, sender)
    |   File "/Users/ljn/.pyenv/versions/3.11.5/lib/python3.11/site-packages/starlette/routing.py", line 73, in app
    |     response = await f(request)
    |                ^^^^^^^^^^^^^^^^
    |   File "/Users/ljn/.pyenv/versions/3.11.5/lib/python3.11/site-packages/fastapi/routing.py", line 301, in app
    |     raw_response = await run_endpoint_function(
    |                    ^^^^^^^^^^^^^^^^^^^^^^^^^^^^
    |   File "/Users/ljn/.pyenv/versions/3.11.5/lib/python3.11/site-packages/fastapi/routing.py", line 212, in run_endpoint_function
    |     return await dependant.call(**values)
    |            ^^^^^^^^^^^^^^^^^^^^^^^^^^^^^^
    |   File "/Users/ljn/.pyenv/versions/3.11.5/lib/python3.11/site-packages/slowapi/extension.py", line 734, in async_wrapper
    |     response = await func(*args, **kwargs)  # type: ignore
    |                ^^^^^^^^^^^^^^^^^^^^^^^^^^^
    |   File "/Users/ljn/Documents/demo/explore/backend/app/api/agent.py", line 174, in daily_advice
    |     return await get_daily(db, farm, cycle_id)
    |            ^^^^^^^^^^^^^^^^^^^^^^^^^^^^^^^^^^^
    |   File "/Users/ljn/Documents/demo/explore/backend/app/agent/application/advice_use_case.py", line 27, in get_daily
    |     result = await get_daily_advice(
    |              ^^^^^^^^^^^^^^^^^^^^^^^
    |   File "/Users/ljn/Documents/demo/explore/backend/app/services/agent_service.py", line 147, in get_daily_advice
    |     return await generate_daily_advice(
    |            ^^^^^^^^^^^^^^^^^^^^^^^^^^^^
    |   File "/Users/ljn/Documents/demo/explore/backend/app/services/daily_advice_generation.py", line 74, in generate_daily_advice
    |     cached = _load_matching_cache(
    |              ^^^^^^^^^^^^^^^^^^^^^
    |   File "/Users/ljn/Documents/demo/explore/backend/app/services/daily_advice_generation.py", line 124, in _load_matching_cache
    |     cached = run_maybe_awaitable(
    |              ^^^^^^^^^^^^^^^^^^^^
    |   File "/Users/ljn/Documents/demo/explore/backend/app/infra/repository_runtime.py", line 75, in run_maybe_awaitable
    |     return _run_awaitable_in_thread(_as_coroutine(value))
    |            ^^^^^^^^^^^^^^^^^^^^^^^^^^^^^^^^^^^^^^^^^^^^^^
    |   File "/Users/ljn/Documents/demo/explore/backend/app/infra/repository_runtime.py", line 225, in _run_awaitable_in_thread
    |     raise result["error"]
    |   File "/Users/ljn/Documents/demo/explore/backend/app/infra/repository_runtime.py", line 217, in _runner
    |     result["value"] = asyncio.run(awaitable)
    |                       ^^^^^^^^^^^^^^^^^^^^^^
    |   File "/Users/ljn/.pyenv/versions/3.11.5/lib/python3.11/asyncio/runners.py", line 190, in run
    |     return runner.run(main)
    |            ^^^^^^^^^^^^^^^^
    |   File "/Users/ljn/.pyenv/versions/3.11.5/lib/python3.11/asyncio/runners.py", line 118, in run
    |     return self._loop.run_until_complete(task)
    |            ^^^^^^^^^^^^^^^^^^^^^^^^^^^^^^^^^^^
    |   File "uvloop/loop.pyx", line 1518, in uvloop.loop.Loop.run_until_complete
    |   File "/Users/ljn/Documents/demo/explore/backend/app/infra/repository_runtime.py", line 209, in _as_coroutine
    |     return await awaitable
    |            ^^^^^^^^^^^^^^^
    |   File "/Users/ljn/Documents/demo/explore/backend/app/infra/online_document_agent_record.py", line 199, in find_daily_cache
    |     rows = await self._find_many(
    |            ^^^^^^^^^^^^^^^^^^^^^^
    |   File "/Users/ljn/Documents/demo/explore/backend/app/infra/online_document_agent_record.py", line 225, in _find_many
    |     docs = await cursor.to_list(None)
    |            ^^^^^^^^^^^^^^^^^^^^^^^^^^
    | RuntimeError: Task <Task pending name='Task-27' coro=<_as_coroutine() running at /Users/ljn/Documents/demo/explore/backend/app/infra/repository_runtime.py:209> cb=[run_until_complete.<locals>.done_cb()]> got Future <Future pending> attached to a different loop
    +------------------------------------

During handling of the above exception, another exception occurred:

Traceback (most recent call last):
  File "/Users/ljn/.pyenv/versions/3.11.5/lib/python3.11/site-packages/starlette/middleware/errors.py", line 165, in __call__
    await self.app(scope, receive, _send)
  File "/Users/ljn/.pyenv/versions/3.11.5/lib/python3.11/site-packages/starlette/middleware/base.py", line 185, in __call__
    with collapse_excgroups():
  File "/Users/ljn/.pyenv/versions/3.11.5/lib/python3.11/contextlib.py", line 155, in __exit__
    self.gen.throw(typ, value, traceback)
  File "/Users/ljn/.pyenv/versions/3.11.5/lib/python3.11/site-packages/starlette/_utils.py", line 83, in collapse_excgroups
    raise exc
  File "/Users/ljn/.pyenv/versions/3.11.5/lib/python3.11/site-packages/starlette/middleware/base.py", line 187, in __call__
    response = await self.dispatch_func(request, call_next)
               ^^^^^^^^^^^^^^^^^^^^^^^^^^^^^^^^^^^^^^^^^^^^
  File "/Users/ljn/Documents/demo/explore/backend/app/bootstrap/middleware.py", line 51, in date_injection_middleware
    return await call_next(request)
           ^^^^^^^^^^^^^^^^^^^^^^^^
  File "/Users/ljn/.pyenv/versions/3.11.5/lib/python3.11/site-packages/starlette/middleware/base.py", line 163, in call_next
    raise app_exc
  File "/Users/ljn/.pyenv/versions/3.11.5/lib/python3.11/site-packages/starlette/middleware/base.py", line 149, in coro
    await self.app(scope, receive_or_disconnect, send_no_error)
  File "/Users/ljn/.pyenv/versions/3.11.5/lib/python3.11/site-packages/starlette/middleware/base.py", line 185, in __call__
    with collapse_excgroups():
  File "/Users/ljn/.pyenv/versions/3.11.5/lib/python3.11/contextlib.py", line 155, in __exit__
    self.gen.throw(typ, value, traceback)
  File "/Users/ljn/.pyenv/versions/3.11.5/lib/python3.11/site-packages/starlette/_utils.py", line 83, in collapse_excgroups
    raise exc
  File "/Users/ljn/.pyenv/versions/3.11.5/lib/python3.11/site-packages/starlette/middleware/base.py", line 187, in __call__
    response = await self.dispatch_func(request, call_next)
               ^^^^^^^^^^^^^^^^^^^^^^^^^^^^^^^^^^^^^^^^^^^^
  File "/Users/ljn/.pyenv/versions/3.11.5/lib/python3.11/site-packages/slowapi/middleware.py", line 128, in dispatch
    return await call_next(request)
           ^^^^^^^^^^^^^^^^^^^^^^^^
  File "/Users/ljn/.pyenv/versions/3.11.5/lib/python3.11/site-packages/starlette/middleware/base.py", line 163, in call_next
    raise app_exc
  File "/Users/ljn/.pyenv/versions/3.11.5/lib/python3.11/site-packages/starlette/middleware/base.py", line 149, in coro
    await self.app(scope, receive_or_disconnect, send_no_error)
  File "/Users/ljn/.pyenv/versions/3.11.5/lib/python3.11/site-packages/starlette/middleware/cors.py", line 85, in __call__
    await self.app(scope, receive, send)
  File "/Users/ljn/.pyenv/versions/3.11.5/lib/python3.11/site-packages/starlette/middleware/exceptions.py", line 62, in __call__
    await wrap_app_handling_exceptions(self.app, conn)(scope, receive, send)
  File "/Users/ljn/.pyenv/versions/3.11.5/lib/python3.11/site-packages/starlette/_exception_handler.py", line 62, in wrapped_app
    raise exc
  File "/Users/ljn/.pyenv/versions/3.11.5/lib/python3.11/site-packages/starlette/_exception_handler.py", line 51, in wrapped_app
    await app(scope, receive, sender)
  File "/Users/ljn/.pyenv/versions/3.11.5/lib/python3.11/site-packages/starlette/routing.py", line 715, in __call__
    await self.middleware_stack(scope, receive, send)
  File "/Users/ljn/.pyenv/versions/3.11.5/lib/python3.11/site-packages/starlette/routing.py", line 735, in app
    await route.handle(scope, receive, send)
  File "/Users/ljn/.pyenv/versions/3.11.5/lib/python3.11/site-packages/starlette/routing.py", line 288, in handle
    await self.app(scope, receive, send)
  File "/Users/ljn/.pyenv/versions/3.11.5/lib/python3.11/site-packages/starlette/routing.py", line 76, in app
    await wrap_app_handling_exceptions(app, request)(scope, receive, send)
  File "/Users/ljn/.pyenv/versions/3.11.5/lib/python3.11/site-packages/starlette/_exception_handler.py", line 62, in wrapped_app
    raise exc
  File "/Users/ljn/.pyenv/versions/3.11.5/lib/python3.11/site-packages/starlette/_exception_handler.py", line 51, in wrapped_app
    await app(scope, receive, sender)
  File "/Users/ljn/.pyenv/versions/3.11.5/lib/python3.11/site-packages/starlette/routing.py", line 73, in app
    response = await f(request)
               ^^^^^^^^^^^^^^^^
  File "/Users/ljn/.pyenv/versions/3.11.5/lib/python3.11/site-packages/fastapi/routing.py", line 301, in app
    raw_response = await run_endpoint_function(
                   ^^^^^^^^^^^^^^^^^^^^^^^^^^^^
  File "/Users/ljn/.pyenv/versions/3.11.5/lib/python3.11/site-packages/fastapi/routing.py", line 212, in run_endpoint_function
    return await dependant.call(**values)
           ^^^^^^^^^^^^^^^^^^^^^^^^^^^^^^
  File "/Users/ljn/.pyenv/versions/3.11.5/lib/python3.11/site-packages/slowapi/extension.py", line 734, in async_wrapper
    response = await func(*args, **kwargs)  # type: ignore
               ^^^^^^^^^^^^^^^^^^^^^^^^^^^
  File "/Users/ljn/Documents/demo/explore/backend/app/api/agent.py", line 174, in daily_advice
    return await get_daily(db, farm, cycle_id)
           ^^^^^^^^^^^^^^^^^^^^^^^^^^^^^^^^^^^
  File "/Users/ljn/Documents/demo/explore/backend/app/agent/application/advice_use_case.py", line 27, in get_daily
    result = await get_daily_advice(
             ^^^^^^^^^^^^^^^^^^^^^^^
  File "/Users/ljn/Documents/demo/explore/backend/app/services/agent_service.py", line 147, in get_daily_advice
    return await generate_daily_advice(
           ^^^^^^^^^^^^^^^^^^^^^^^^^^^^
  File "/Users/ljn/Documents/demo/explore/backend/app/services/daily_advice_generation.py", line 74, in generate_daily_advice
    cached = _load_matching_cache(
             ^^^^^^^^^^^^^^^^^^^^^
  File "/Users/ljn/Documents/demo/explore/backend/app/services/daily_advice_generation.py", line 124, in _load_matching_cache
    cached = run_maybe_awaitable(
             ^^^^^^^^^^^^^^^^^^^^
  File "/Users/ljn/Documents/demo/explore/backend/app/infra/repository_runtime.py", line 75, in run_maybe_awaitable
    return _run_awaitable_in_thread(_as_coroutine(value))
           ^^^^^^^^^^^^^^^^^^^^^^^^^^^^^^^^^^^^^^^^^^^^^^
  File "/Users/ljn/Documents/demo/explore/backend/app/infra/repository_runtime.py", line 225, in _run_awaitable_in_thread
    raise result["error"]
  File "/Users/ljn/Documents/demo/explore/backend/app/infra/repository_runtime.py", line 217, in _runner
    result["value"] = asyncio.run(awaitable)
                      ^^^^^^^^^^^^^^^^^^^^^^
  File "/Users/ljn/.pyenv/versions/3.11.5/lib/python3.11/asyncio/runners.py", line 190, in run
    return runner.run(main)
           ^^^^^^^^^^^^^^^^
  File "/Users/ljn/.pyenv/versions/3.11.5/lib/python3.11/asyncio/runners.py", line 118, in run
    return self._loop.run_until_complete(task)
           ^^^^^^^^^^^^^^^^^^^^^^^^^^^^^^^^^^^
  File "uvloop/loop.pyx", line 1518, in uvloop.loop.Loop.run_until_complete
  File "/Users/ljn/Documents/demo/explore/backend/app/infra/repository_runtime.py", line 209, in _as_coroutine
    return await awaitable
           ^^^^^^^^^^^^^^^
  File "/Users/ljn/Documents/demo/explore/backend/app/infra/online_document_agent_record.py", line 199, in find_daily_cache
    rows = await self._find_many(
           ^^^^^^^^^^^^^^^^^^^^^^
  File "/Users/ljn/Documents/demo/explore/backend/app/infra/online_document_agent_record.py", line 225, in _find_many
    docs = await cursor.to_list(None)
           ^^^^^^^^^^^^^^^^^^^^^^^^^^
RuntimeError: Task <Task pending name='Task-27' coro=<_as_coroutine() running at /Users/ljn/Documents/demo/explore/backend/app/infra/repository_runtime.py:209> cb=[run_until_complete.<locals>.done_cb()]> got Future <Future pending> attached to a different loop
[90m2026-07-06 15:26:59,822[0m │ - │ uvicorn.access │ INFO │ 127.0.0.1:62061 - "GET /agent/daily HTTP/1.1" 500
[90m2026-07-06 15:28:53,821[0m │ - │ app.infra.trace_collector │ INFO │ Trace 系统已停止，剩余数据已 flush
[90m2026-07-06 15:28:53,887[0m │ - │ app.infra.mongo │ INFO │ MongoDB client 已关闭 | code=mongo_client_closed
/Users/ljn/.pyenv/versions/3.11.5/lib/python3.11/site-packages/langchain/__init__.py:30: UserWarning: Importing verbose from langchain root module is no longer supported. Please use langchain.globals.set_verbose() / langchain.globals.get_verbose() instead.
  warnings.warn(
/Users/ljn/.pyenv/versions/3.11.5/lib/python3.11/site-packages/langchain/__init__.py:30: UserWarning: Importing debug from langchain root module is no longer supported. Please use langchain.globals.set_debug() / langchain.globals.get_debug() instead.
  warnings.warn(
/Users/ljn/.pyenv/versions/3.11.5/lib/python3.11/site-packages/langchain/__init__.py:30: UserWarning: Importing llm_cache from langchain root module is no longer supported. Please use langchain.globals.set_llm_cache() / langchain.globals.get_llm_cache() instead.
  warnings.warn(
[90m2026-07-06 15:28:57,156[0m │ - │ uvicorn.error │ INFO │ Started server process [43654]
[90m2026-07-06 15:28:57,156[0m │ - │ uvicorn.error │ INFO │ Waiting for application startup.
[90m2026-07-06 15:28:57,257[0m │ - │ alembic.runtime.plugins │ INFO │ setup plugin alembic.autogenerate.schemas
[90m2026-07-06 15:28:57,257[0m │ - │ alembic.runtime.plugins │ INFO │ setup plugin alembic.autogenerate.tables
[90m2026-07-06 15:28:57,257[0m │ - │ alembic.runtime.plugins │ INFO │ setup plugin alembic.autogenerate.types
[90m2026-07-06 15:28:57,257[0m │ - │ alembic.runtime.plugins │ INFO │ setup plugin alembic.autogenerate.constraints
[90m2026-07-06 15:28:57,257[0m │ - │ alembic.runtime.plugins │ INFO │ setup plugin alembic.autogenerate.defaults
[90m2026-07-06 15:28:57,257[0m │ - │ alembic.runtime.plugins │ INFO │ setup plugin alembic.autogenerate.comments
INFO  [alembic.runtime.migration] Context impl MySQLImpl.
INFO  [alembic.runtime.migration] Will assume non-transactional DDL.
[90m2026-07-06 15:28:57,619[0m │ - │ app.prompt.registry │ INFO │ Prompt 加载完成 | count=6
[90m2026-07-06 15:28:57,619[0m │ - │ app.bootstrap.lifespan │ INFO │ Prompt 模板已加载 | dir=/Users/ljn/Documents/demo/explore/backend/prompts
[90m2026-07-06 15:28:57,620[0m │ - │ app.prompt.composer │ INFO │ Snippet 加载完成 | count=10
[90m2026-07-06 15:28:57,624[0m │ - │ app.prompt.composer │ INFO │ Compositions 加载完成 | count=8
[90m2026-07-06 15:28:57,624[0m │ - │ app.bootstrap.lifespan │ INFO │ PromptComposer 初始化完成
[90m2026-07-06 15:28:57,631[0m │ - │ app.infra.mongo │ INFO │ MongoDB client 已初始化 | code=mongo_client_initialized uri=mongodb://root:***@43.155.217.74:27017/?authSource=admin database=farm_manager
[90m2026-07-06 15:28:57,631[0m │ - │ app.infra.trace_collector │ INFO │ TraceDAO 已初始化
[90m2026-07-06 15:28:57,631[0m │ - │ app.infra.trace_collector │ INFO │ Trace 后台 worker 已启动
[90m2026-07-06 15:28:57,658[0m │ - │ app.infra.trace_cleaner │ WARNING │ Trace TTL 跳过缺失的 MySQL 表 | code=trace_records_table_missing
[90m2026-07-06 15:28:57,710[0m │ - │ app.infra.trace_cleaner │ INFO │ TTL 清理完成 | trace_deleted=0 stats_deleted=0
[90m2026-07-06 15:29:20,218[0m │ - │ uvicorn.access │ INFO │ 127.0.0.1:62145 - "GET /health HTTP/1.1" 200
[90m2026-07-06 15:29:20,326[0m │ - │ uvicorn.access │ INFO │ 127.0.0.1:62150 - "GET /agent/conversations?limit=50 HTTP/1.1" 200
[90m2026-07-06 15:29:20,733[0m │ - │ uvicorn.access │ INFO │ 127.0.0.1:62151 - "GET /admin/traces?limit=20&offset=0 HTTP/1.1" 200
[90m2026-07-06 15:29:20,811[0m │ e27512dd │ app.agent.application.advice_use_case │ INFO │ [e27512dd] GET /agent/daily | cycle_id=None
[90m2026-07-06 15:29:21,300[0m │ e27512dd │ app.infra.repository_runtime │ WARNING │ MySQL 文档表不存在，强制切换 Mongo 仓储 | code=document_table_missing_use_mongo object=agent_records table=agent_records configured=mysql
[90m2026-07-06 15:29:21,321[0m │ - │ app.bootstrap.exceptions │ ERROR │ 未捕获异常 | path=/agent/daily
  + Exception Group Traceback (most recent call last):
  |   File "/Users/ljn/.pyenv/versions/3.11.5/lib/python3.11/site-packages/starlette/_utils.py", line 77, in collapse_excgroups
  |     yield
  |   File "/Users/ljn/.pyenv/versions/3.11.5/lib/python3.11/site-packages/starlette/middleware/base.py", line 186, in __call__
  |     async with anyio.create_task_group() as task_group:
  |   File "/Users/ljn/.pyenv/versions/3.11.5/lib/python3.11/site-packages/anyio/_backends/_asyncio.py", line 783, in __aexit__
  |     raise BaseExceptionGroup(
  | ExceptionGroup: unhandled errors in a TaskGroup (1 sub-exception)
  +-+---------------- 1 ----------------
    | Traceback (most recent call last):
    |   File "/Users/ljn/.pyenv/versions/3.11.5/lib/python3.11/site-packages/starlette/middleware/errors.py", line 165, in __call__
    |     await self.app(scope, receive, _send)
    |   File "/Users/ljn/.pyenv/versions/3.11.5/lib/python3.11/site-packages/starlette/middleware/base.py", line 185, in __call__
    |     with collapse_excgroups():
    |   File "/Users/ljn/.pyenv/versions/3.11.5/lib/python3.11/contextlib.py", line 155, in __exit__
    |     self.gen.throw(typ, value, traceback)
    |   File "/Users/ljn/.pyenv/versions/3.11.5/lib/python3.11/site-packages/starlette/_utils.py", line 83, in collapse_excgroups
    |     raise exc
    |   File "/Users/ljn/.pyenv/versions/3.11.5/lib/python3.11/site-packages/starlette/middleware/base.py", line 187, in __call__
    |     response = await self.dispatch_func(request, call_next)
    |                ^^^^^^^^^^^^^^^^^^^^^^^^^^^^^^^^^^^^^^^^^^^^
    |   File "/Users/ljn/Documents/demo/explore/backend/app/bootstrap/middleware.py", line 51, in date_injection_middleware
    |     return await call_next(request)
    |            ^^^^^^^^^^^^^^^^^^^^^^^^
    |   File "/Users/ljn/.pyenv/versions/3.11.5/lib/python3.11/site-packages/starlette/middleware/base.py", line 163, in call_next
    |     raise app_exc
    |   File "/Users/ljn/.pyenv/versions/3.11.5/lib/python3.11/site-packages/starlette/middleware/base.py", line 149, in coro
    |     await self.app(scope, receive_or_disconnect, send_no_error)
    |   File "/Users/ljn/.pyenv/versions/3.11.5/lib/python3.11/site-packages/starlette/middleware/base.py", line 185, in __call__
    |     with collapse_excgroups():
    |   File "/Users/ljn/.pyenv/versions/3.11.5/lib/python3.11/contextlib.py", line 155, in __exit__
    |     self.gen.throw(typ, value, traceback)
    |   File "/Users/ljn/.pyenv/versions/3.11.5/lib/python3.11/site-packages/starlette/_utils.py", line 83, in collapse_excgroups
    |     raise exc
    |   File "/Users/ljn/.pyenv/versions/3.11.5/lib/python3.11/site-packages/starlette/middleware/base.py", line 187, in __call__
    |     response = await self.dispatch_func(request, call_next)
    |                ^^^^^^^^^^^^^^^^^^^^^^^^^^^^^^^^^^^^^^^^^^^^
    |   File "/Users/ljn/.pyenv/versions/3.11.5/lib/python3.11/site-packages/slowapi/middleware.py", line 128, in dispatch
    |     return await call_next(request)
    |            ^^^^^^^^^^^^^^^^^^^^^^^^
    |   File "/Users/ljn/.pyenv/versions/3.11.5/lib/python3.11/site-packages/starlette/middleware/base.py", line 163, in call_next
    |     raise app_exc
    |   File "/Users/ljn/.pyenv/versions/3.11.5/lib/python3.11/site-packages/starlette/middleware/base.py", line 149, in coro
    |     await self.app(scope, receive_or_disconnect, send_no_error)
    |   File "/Users/ljn/.pyenv/versions/3.11.5/lib/python3.11/site-packages/starlette/middleware/cors.py", line 85, in __call__
    |     await self.app(scope, receive, send)
    |   File "/Users/ljn/.pyenv/versions/3.11.5/lib/python3.11/site-packages/starlette/middleware/exceptions.py", line 62, in __call__
    |     await wrap_app_handling_exceptions(self.app, conn)(scope, receive, send)
    |   File "/Users/ljn/.pyenv/versions/3.11.5/lib/python3.11/site-packages/starlette/_exception_handler.py", line 62, in wrapped_app
    |     raise exc
    |   File "/Users/ljn/.pyenv/versions/3.11.5/lib/python3.11/site-packages/starlette/_exception_handler.py", line 51, in wrapped_app
    |     await app(scope, receive, sender)
    |   File "/Users/ljn/.pyenv/versions/3.11.5/lib/python3.11/site-packages/starlette/routing.py", line 715, in __call__
    |     await self.middleware_stack(scope, receive, send)
    |   File "/Users/ljn/.pyenv/versions/3.11.5/lib/python3.11/site-packages/starlette/routing.py", line 735, in app
    |     await route.handle(scope, receive, send)
    |   File "/Users/ljn/.pyenv/versions/3.11.5/lib/python3.11/site-packages/starlette/routing.py", line 288, in handle
    |     await self.app(scope, receive, send)
    |   File "/Users/ljn/.pyenv/versions/3.11.5/lib/python3.11/site-packages/starlette/routing.py", line 76, in app
    |     await wrap_app_handling_exceptions(app, request)(scope, receive, send)
    |   File "/Users/ljn/.pyenv/versions/3.11.5/lib/python3.11/site-packages/starlette/_exception_handler.py", line 62, in wrapped_app
    |     raise exc
    |   File "/Users/ljn/.pyenv/versions/3.11.5/lib/python3.11/site-packages/starlette/_exception_handler.py", line 51, in wrapped_app
    |     await app(scope, receive, sender)
    |   File "/Users/ljn/.pyenv/versions/3.11.5/lib/python3.11/site-packages/starlette/routing.py", line 73, in app
    |     response = await f(request)
    |                ^^^^^^^^^^^^^^^^
    |   File "/Users/ljn/.pyenv/versions/3.11.5/lib/python3.11/site-packages/fastapi/routing.py", line 301, in app
    |     raw_response = await run_endpoint_function(
    |                    ^^^^^^^^^^^^^^^^^^^^^^^^^^^^
    |   File "/Users/ljn/.pyenv/versions/3.11.5/lib/python3.11/site-packages/fastapi/routing.py", line 212, in run_endpoint_function
    |     return await dependant.call(**values)
    |            ^^^^^^^^^^^^^^^^^^^^^^^^^^^^^^
    |   File "/Users/ljn/.pyenv/versions/3.11.5/lib/python3.11/site-packages/slowapi/extension.py", line 734, in async_wrapper
    |     response = await func(*args, **kwargs)  # type: ignore
    |                ^^^^^^^^^^^^^^^^^^^^^^^^^^^
    |   File "/Users/ljn/Documents/demo/explore/backend/app/api/agent.py", line 174, in daily_advice
    |     return await get_daily(db, farm, cycle_id)
    |            ^^^^^^^^^^^^^^^^^^^^^^^^^^^^^^^^^^^
    |   File "/Users/ljn/Documents/demo/explore/backend/app/agent/application/advice_use_case.py", line 28, in get_daily
    |     result = await _run_service_in_worker(
    |              ^^^^^^^^^^^^^^^^^^^^^^^^^^^^^
    |   File "/Users/ljn/Documents/demo/explore/backend/app/agent/application/advice_use_case.py", line 83, in _run_service_in_worker
    |     return await asyncio.to_thread(lambda: asyncio.run(coro))
    |            ^^^^^^^^^^^^^^^^^^^^^^^^^^^^^^^^^^^^^^^^^^^^^^^^^^
    |   File "/Users/ljn/.pyenv/versions/3.11.5/lib/python3.11/asyncio/threads.py", line 25, in to_thread
    |     return await loop.run_in_executor(None, func_call)
    |            ^^^^^^^^^^^^^^^^^^^^^^^^^^^^^^^^^^^^^^^^^^^
    |   File "/Users/ljn/.pyenv/versions/3.11.5/lib/python3.11/concurrent/futures/thread.py", line 58, in run
    |     result = self.fn(*self.args, **self.kwargs)
    |              ^^^^^^^^^^^^^^^^^^^^^^^^^^^^^^^^^^
    |   File "/Users/ljn/Documents/demo/explore/backend/app/agent/application/advice_use_case.py", line 83, in <lambda>
    |     return await asyncio.to_thread(lambda: asyncio.run(coro))
    |                                            ^^^^^^^^^^^^^^^^^
    |   File "/Users/ljn/.pyenv/versions/3.11.5/lib/python3.11/asyncio/runners.py", line 190, in run
    |     return runner.run(main)
    |            ^^^^^^^^^^^^^^^^
    |   File "/Users/ljn/.pyenv/versions/3.11.5/lib/python3.11/asyncio/runners.py", line 118, in run
    |     return self._loop.run_until_complete(task)
    |            ^^^^^^^^^^^^^^^^^^^^^^^^^^^^^^^^^^^
    |   File "uvloop/loop.pyx", line 1518, in uvloop.loop.Loop.run_until_complete
    |   File "/Users/ljn/Documents/demo/explore/backend/app/services/agent_service.py", line 147, in get_daily_advice
    |     return await generate_daily_advice(
    |            ^^^^^^^^^^^^^^^^^^^^^^^^^^^^
    |   File "/Users/ljn/Documents/demo/explore/backend/app/services/daily_advice_generation.py", line 74, in generate_daily_advice
    |     cached = _load_matching_cache(
    |              ^^^^^^^^^^^^^^^^^^^^^
    |   File "/Users/ljn/Documents/demo/explore/backend/app/services/daily_advice_generation.py", line 124, in _load_matching_cache
    |     cached = run_maybe_awaitable(
    |              ^^^^^^^^^^^^^^^^^^^^
    |   File "/Users/ljn/Documents/demo/explore/backend/app/infra/repository_runtime.py", line 75, in run_maybe_awaitable
    |     return _run_awaitable_in_thread(_as_coroutine(value))
    |            ^^^^^^^^^^^^^^^^^^^^^^^^^^^^^^^^^^^^^^^^^^^^^^
    |   File "/Users/ljn/Documents/demo/explore/backend/app/infra/repository_runtime.py", line 225, in _run_awaitable_in_thread
    |     raise result["error"]
    |   File "/Users/ljn/Documents/demo/explore/backend/app/infra/repository_runtime.py", line 217, in _runner
    |     result["value"] = asyncio.run(awaitable)
    |                       ^^^^^^^^^^^^^^^^^^^^^^
    |   File "/Users/ljn/.pyenv/versions/3.11.5/lib/python3.11/asyncio/runners.py", line 190, in run
    |     return runner.run(main)
    |            ^^^^^^^^^^^^^^^^
    |   File "/Users/ljn/.pyenv/versions/3.11.5/lib/python3.11/asyncio/runners.py", line 118, in run
    |     return self._loop.run_until_complete(task)
    |            ^^^^^^^^^^^^^^^^^^^^^^^^^^^^^^^^^^^
    |   File "uvloop/loop.pyx", line 1518, in uvloop.loop.Loop.run_until_complete
    |   File "/Users/ljn/Documents/demo/explore/backend/app/infra/repository_runtime.py", line 209, in _as_coroutine
    |     return await awaitable
    |            ^^^^^^^^^^^^^^^
    |   File "/Users/ljn/Documents/demo/explore/backend/app/infra/online_document_agent_record.py", line 199, in find_daily_cache
    |     rows = await self._find_many(
    |            ^^^^^^^^^^^^^^^^^^^^^^
    |   File "/Users/ljn/Documents/demo/explore/backend/app/infra/online_document_agent_record.py", line 225, in _find_many
    |     docs = await cursor.to_list(None)
    |            ^^^^^^^^^^^^^^^^^^^^^^^^^^
    | RuntimeError: Task <Task pending name='Task-28' coro=<_as_coroutine() running at /Users/ljn/Documents/demo/explore/backend/app/infra/repository_runtime.py:209> cb=[run_until_complete.<locals>.done_cb()]> got Future <Future pending> attached to a different loop
    +------------------------------------

During handling of the above exception, another exception occurred:

Traceback (most recent call last):
  File "/Users/ljn/.pyenv/versions/3.11.5/lib/python3.11/site-packages/starlette/middleware/errors.py", line 165, in __call__
    await self.app(scope, receive, _send)
  File "/Users/ljn/.pyenv/versions/3.11.5/lib/python3.11/site-packages/starlette/middleware/base.py", line 185, in __call__
    with collapse_excgroups():
  File "/Users/ljn/.pyenv/versions/3.11.5/lib/python3.11/contextlib.py", line 155, in __exit__
    self.gen.throw(typ, value, traceback)
  File "/Users/ljn/.pyenv/versions/3.11.5/lib/python3.11/site-packages/starlette/_utils.py", line 83, in collapse_excgroups
    raise exc
  File "/Users/ljn/.pyenv/versions/3.11.5/lib/python3.11/site-packages/starlette/middleware/base.py", line 187, in __call__
    response = await self.dispatch_func(request, call_next)
               ^^^^^^^^^^^^^^^^^^^^^^^^^^^^^^^^^^^^^^^^^^^^
  File "/Users/ljn/Documents/demo/explore/backend/app/bootstrap/middleware.py", line 51, in date_injection_middleware
    return await call_next(request)
           ^^^^^^^^^^^^^^^^^^^^^^^^
  File "/Users/ljn/.pyenv/versions/3.11.5/lib/python3.11/site-packages/starlette/middleware/base.py", line 163, in call_next
    raise app_exc
  File "/Users/ljn/.pyenv/versions/3.11.5/lib/python3.11/site-packages/starlette/middleware/base.py", line 149, in coro
    await self.app(scope, receive_or_disconnect, send_no_error)
  File "/Users/ljn/.pyenv/versions/3.11.5/lib/python3.11/site-packages/starlette/middleware/base.py", line 185, in __call__
    with collapse_excgroups():
  File "/Users/ljn/.pyenv/versions/3.11.5/lib/python3.11/contextlib.py", line 155, in __exit__
    self.gen.throw(typ, value, traceback)
  File "/Users/ljn/.pyenv/versions/3.11.5/lib/python3.11/site-packages/starlette/_utils.py", line 83, in collapse_excgroups
    raise exc
  File "/Users/ljn/.pyenv/versions/3.11.5/lib/python3.11/site-packages/starlette/middleware/base.py", line 187, in __call__
    response = await self.dispatch_func(request, call_next)
               ^^^^^^^^^^^^^^^^^^^^^^^^^^^^^^^^^^^^^^^^^^^^
  File "/Users/ljn/.pyenv/versions/3.11.5/lib/python3.11/site-packages/slowapi/middleware.py", line 128, in dispatch
    return await call_next(request)
           ^^^^^^^^^^^^^^^^^^^^^^^^
  File "/Users/ljn/.pyenv/versions/3.11.5/lib/python3.11/site-packages/starlette/middleware/base.py", line 163, in call_next
    raise app_exc
  File "/Users/ljn/.pyenv/versions/3.11.5/lib/python3.11/site-packages/starlette/middleware/base.py", line 149, in coro
    await self.app(scope, receive_or_disconnect, send_no_error)
  File "/Users/ljn/.pyenv/versions/3.11.5/lib/python3.11/site-packages/starlette/middleware/cors.py", line 85, in __call__
    await self.app(scope, receive, send)
  File "/Users/ljn/.pyenv/versions/3.11.5/lib/python3.11/site-packages/starlette/middleware/exceptions.py", line 62, in __call__
    await wrap_app_handling_exceptions(self.app, conn)(scope, receive, send)
  File "/Users/ljn/.pyenv/versions/3.11.5/lib/python3.11/site-packages/starlette/_exception_handler.py", line 62, in wrapped_app
    raise exc
  File "/Users/ljn/.pyenv/versions/3.11.5/lib/python3.11/site-packages/starlette/_exception_handler.py", line 51, in wrapped_app
    await app(scope, receive, sender)
  File "/Users/ljn/.pyenv/versions/3.11.5/lib/python3.11/site-packages/starlette/routing.py", line 715, in __call__
    await self.middleware_stack(scope, receive, send)
  File "/Users/ljn/.pyenv/versions/3.11.5/lib/python3.11/site-packages/starlette/routing.py", line 735, in app
    await route.handle(scope, receive, send)
  File "/Users/ljn/.pyenv/versions/3.11.5/lib/python3.11/site-packages/starlette/routing.py", line 288, in handle
    await self.app(scope, receive, send)
  File "/Users/ljn/.pyenv/versions/3.11.5/lib/python3.11/site-packages/starlette/routing.py", line 76, in app
    await wrap_app_handling_exceptions(app, request)(scope, receive, send)
  File "/Users/ljn/.pyenv/versions/3.11.5/lib/python3.11/site-packages/starlette/_exception_handler.py", line 62, in wrapped_app
    raise exc
  File "/Users/ljn/.pyenv/versions/3.11.5/lib/python3.11/site-packages/starlette/_exception_handler.py", line 51, in wrapped_app
    await app(scope, receive, sender)
  File "/Users/ljn/.pyenv/versions/3.11.5/lib/python3.11/site-packages/starlette/routing.py", line 73, in app
    response = await f(request)
               ^^^^^^^^^^^^^^^^
  File "/Users/ljn/.pyenv/versions/3.11.5/lib/python3.11/site-packages/fastapi/routing.py", line 301, in app
    raw_response = await run_endpoint_function(
                   ^^^^^^^^^^^^^^^^^^^^^^^^^^^^
  File "/Users/ljn/.pyenv/versions/3.11.5/lib/python3.11/site-packages/fastapi/routing.py", line 212, in run_endpoint_function
    return await dependant.call(**values)
           ^^^^^^^^^^^^^^^^^^^^^^^^^^^^^^
  File "/Users/ljn/.pyenv/versions/3.11.5/lib/python3.11/site-packages/slowapi/extension.py", line 734, in async_wrapper
    response = await func(*args, **kwargs)  # type: ignore
               ^^^^^^^^^^^^^^^^^^^^^^^^^^^
  File "/Users/ljn/Documents/demo/explore/backend/app/api/agent.py", line 174, in daily_advice
    return await get_daily(db, farm, cycle_id)
           ^^^^^^^^^^^^^^^^^^^^^^^^^^^^^^^^^^^
  File "/Users/ljn/Documents/demo/explore/backend/app/agent/application/advice_use_case.py", line 28, in get_daily
    result = await _run_service_in_worker(
             ^^^^^^^^^^^^^^^^^^^^^^^^^^^^^
  File "/Users/ljn/Documents/demo/explore/backend/app/agent/application/advice_use_case.py", line 83, in _run_service_in_worker
    return await asyncio.to_thread(lambda: asyncio.run(coro))
           ^^^^^^^^^^^^^^^^^^^^^^^^^^^^^^^^^^^^^^^^^^^^^^^^^^
  File "/Users/ljn/.pyenv/versions/3.11.5/lib/python3.11/asyncio/threads.py", line 25, in to_thread
    return await loop.run_in_executor(None, func_call)
           ^^^^^^^^^^^^^^^^^^^^^^^^^^^^^^^^^^^^^^^^^^^
  File "/Users/ljn/.pyenv/versions/3.11.5/lib/python3.11/concurrent/futures/thread.py", line 58, in run
    result = self.fn(*self.args, **self.kwargs)
             ^^^^^^^^^^^^^^^^^^^^^^^^^^^^^^^^^^
  File "/Users/ljn/Documents/demo/explore/backend/app/agent/application/advice_use_case.py", line 83, in <lambda>
    return await asyncio.to_thread(lambda: asyncio.run(coro))
                                           ^^^^^^^^^^^^^^^^^
  File "/Users/ljn/.pyenv/versions/3.11.5/lib/python3.11/asyncio/runners.py", line 190, in run
    return runner.run(main)
           ^^^^^^^^^^^^^^^^
  File "/Users/ljn/.pyenv/versions/3.11.5/lib/python3.11/asyncio/runners.py", line 118, in run
    return self._loop.run_until_complete(task)
           ^^^^^^^^^^^^^^^^^^^^^^^^^^^^^^^^^^^
  File "uvloop/loop.pyx", line 1518, in uvloop.loop.Loop.run_until_complete
  File "/Users/ljn/Documents/demo/explore/backend/app/services/agent_service.py", line 147, in get_daily_advice
    return await generate_daily_advice(
           ^^^^^^^^^^^^^^^^^^^^^^^^^^^^
  File "/Users/ljn/Documents/demo/explore/backend/app/services/daily_advice_generation.py", line 74, in generate_daily_advice
    cached = _load_matching_cache(
             ^^^^^^^^^^^^^^^^^^^^^
  File "/Users/ljn/Documents/demo/explore/backend/app/services/daily_advice_generation.py", line 124, in _load_matching_cache
    cached = run_maybe_awaitable(
             ^^^^^^^^^^^^^^^^^^^^
  File "/Users/ljn/Documents/demo/explore/backend/app/infra/repository_runtime.py", line 75, in run_maybe_awaitable
    return _run_awaitable_in_thread(_as_coroutine(value))
           ^^^^^^^^^^^^^^^^^^^^^^^^^^^^^^^^^^^^^^^^^^^^^^
  File "/Users/ljn/Documents/demo/explore/backend/app/infra/repository_runtime.py", line 225, in _run_awaitable_in_thread
    raise result["error"]
  File "/Users/ljn/Documents/demo/explore/backend/app/infra/repository_runtime.py", line 217, in _runner
    result["value"] = asyncio.run(awaitable)
                      ^^^^^^^^^^^^^^^^^^^^^^
  File "/Users/ljn/.pyenv/versions/3.11.5/lib/python3.11/asyncio/runners.py", line 190, in run
    return runner.run(main)
           ^^^^^^^^^^^^^^^^
  File "/Users/ljn/.pyenv/versions/3.11.5/lib/python3.11/asyncio/runners.py", line 118, in run
    return self._loop.run_until_complete(task)
           ^^^^^^^^^^^^^^^^^^^^^^^^^^^^^^^^^^^
  File "uvloop/loop.pyx", line 1518, in uvloop.loop.Loop.run_until_complete
  File "/Users/ljn/Documents/demo/explore/backend/app/infra/repository_runtime.py", line 209, in _as_coroutine
    return await awaitable
           ^^^^^^^^^^^^^^^
  File "/Users/ljn/Documents/demo/explore/backend/app/infra/online_document_agent_record.py", line 199, in find_daily_cache
    rows = await self._find_many(
           ^^^^^^^^^^^^^^^^^^^^^^
  File "/Users/ljn/Documents/demo/explore/backend/app/infra/online_document_agent_record.py", line 225, in _find_many
    docs = await cursor.to_list(None)
           ^^^^^^^^^^^^^^^^^^^^^^^^^^
RuntimeError: Task <Task pending name='Task-28' coro=<_as_coroutine() running at /Users/ljn/Documents/demo/explore/backend/app/infra/repository_runtime.py:209> cb=[run_until_complete.<locals>.done_cb()]> got Future <Future pending> attached to a different loop
[90m2026-07-06 15:29:21,333[0m │ - │ uvicorn.access │ INFO │ 127.0.0.1:62153 - "GET /agent/daily HTTP/1.1" 500
[90m2026-07-06 15:30:30,074[0m │ - │ app.infra.trace_collector │ INFO │ Trace 系统已停止，剩余数据已 flush
[90m2026-07-06 15:30:30,146[0m │ - │ app.infra.mongo │ INFO │ MongoDB client 已关闭 | code=mongo_client_closed
/Users/ljn/.pyenv/versions/3.11.5/lib/python3.11/site-packages/langchain/__init__.py:30: UserWarning: Importing verbose from langchain root module is no longer supported. Please use langchain.globals.set_verbose() / langchain.globals.get_verbose() instead.
  warnings.warn(
/Users/ljn/.pyenv/versions/3.11.5/lib/python3.11/site-packages/langchain/__init__.py:30: UserWarning: Importing debug from langchain root module is no longer supported. Please use langchain.globals.set_debug() / langchain.globals.get_debug() instead.
  warnings.warn(
/Users/ljn/.pyenv/versions/3.11.5/lib/python3.11/site-packages/langchain/__init__.py:30: UserWarning: Importing llm_cache from langchain root module is no longer supported. Please use langchain.globals.set_llm_cache() / langchain.globals.get_llm_cache() instead.
  warnings.warn(
[90m2026-07-06 15:30:33,504[0m │ - │ uvicorn.error │ INFO │ Started server process [64840]
[90m2026-07-06 15:30:33,504[0m │ - │ uvicorn.error │ INFO │ Waiting for application startup.
[90m2026-07-06 15:30:33,669[0m │ - │ alembic.runtime.plugins │ INFO │ setup plugin alembic.autogenerate.schemas
[90m2026-07-06 15:30:33,669[0m │ - │ alembic.runtime.plugins │ INFO │ setup plugin alembic.autogenerate.tables
[90m2026-07-06 15:30:33,669[0m │ - │ alembic.runtime.plugins │ INFO │ setup plugin alembic.autogenerate.types
[90m2026-07-06 15:30:33,669[0m │ - │ alembic.runtime.plugins │ INFO │ setup plugin alembic.autogenerate.constraints
[90m2026-07-06 15:30:33,669[0m │ - │ alembic.runtime.plugins │ INFO │ setup plugin alembic.autogenerate.defaults
[90m2026-07-06 15:30:33,670[0m │ - │ alembic.runtime.plugins │ INFO │ setup plugin alembic.autogenerate.comments
INFO  [alembic.runtime.migration] Context impl MySQLImpl.
INFO  [alembic.runtime.migration] Will assume non-transactional DDL.
[90m2026-07-06 15:30:34,397[0m │ - │ app.prompt.registry │ INFO │ Prompt 加载完成 | count=6
[90m2026-07-06 15:30:34,397[0m │ - │ app.bootstrap.lifespan │ INFO │ Prompt 模板已加载 | dir=/Users/ljn/Documents/demo/explore/backend/prompts
[90m2026-07-06 15:30:34,399[0m │ - │ app.prompt.composer │ INFO │ Snippet 加载完成 | count=10
[90m2026-07-06 15:30:34,401[0m │ - │ app.prompt.composer │ INFO │ Compositions 加载完成 | count=8
[90m2026-07-06 15:30:34,401[0m │ - │ app.bootstrap.lifespan │ INFO │ PromptComposer 初始化完成
[90m2026-07-06 15:30:34,412[0m │ - │ app.infra.mongo │ INFO │ MongoDB client 已初始化 | code=mongo_client_initialized uri=mongodb://root:***@43.155.217.74:27017/?authSource=admin database=farm_manager
[90m2026-07-06 15:30:34,412[0m │ - │ app.infra.trace_collector │ INFO │ TraceDAO 已初始化
[90m2026-07-06 15:30:34,412[0m │ - │ app.infra.trace_collector │ INFO │ Trace 后台 worker 已启动
[90m2026-07-06 15:30:34,464[0m │ - │ app.infra.trace_cleaner │ WARNING │ Trace TTL 跳过缺失的 MySQL 表 | code=trace_records_table_missing
[90m2026-07-06 15:30:34,502[0m │ - │ app.infra.trace_cleaner │ INFO │ TTL 清理完成 | trace_deleted=0 stats_deleted=0
[90m2026-07-06 15:30:54,463[0m │ - │ uvicorn.access │ INFO │ 127.0.0.1:62205 - "GET /health HTTP/1.1" 200
[90m2026-07-06 15:30:54,659[0m │ - │ uvicorn.access │ INFO │ 127.0.0.1:62209 - "GET /agent/conversations?limit=50 HTTP/1.1" 200
[90m2026-07-06 15:30:55,363[0m │ - │ uvicorn.access │ INFO │ 127.0.0.1:62210 - "GET /admin/traces?limit=20&offset=0 HTTP/1.1" 200
[90m2026-07-06 15:30:55,469[0m │ dd998600 │ app.agent.application.advice_use_case │ INFO │ [dd998600] GET /agent/daily | cycle_id=None
[90m2026-07-06 15:30:56,292[0m │ dd998600 │ app.infra.repository_runtime │ WARNING │ MySQL 文档表不存在，强制切换 Mongo 仓储 | code=document_table_missing_use_mongo object=agent_records table=agent_records configured=mysql
[90m2026-07-06 15:30:56,376[0m │ dd998600 │ app.core.llm_client_manager │ INFO │ LLMClientManager 初始化 | providers=4 | models=14
[90m2026-07-06 15:30:56,377[0m │ - │ app.core.llm_config_watcher │ INFO │ providers.json 文件监听已启动 | path=/Users/ljn/Documents/demo/explore/backend/providers.json
[90m2026-07-06 15:30:56,486[0m │ dd998600 │ app.agent.llm │ INFO │ LLM 请求模型选择 | provider=local | model=qwen3.6-flash | role=generation | api_key_slot=1/1 | circuit_key=local/qwen3.6-flash | base_url=http://43.155.217.74:9000/v1
[90m2026-07-06 15:31:08,297[0m │ dd998600 │ app.infra.repository_runtime │ WARNING │ MySQL 文档表不存在，强制切换 Mongo 仓储 | code=document_table_missing_use_mongo object=agent_records table=agent_records configured=mysql
[90m2026-07-06 15:31:08,361[0m │ dd998600 │ app.agent.application.advice_use_case │ INFO │ [dd998600] /agent/daily 完成 | 耗时 12.89s
[90m2026-07-06 15:31:08,376[0m │ - │ uvicorn.access │ INFO │ 127.0.0.1:62212 - "GET /agent/daily HTTP/1.1" 200
/Users/ljn/.pyenv/versions/3.11.5/lib/python3.11/site-packages/langchain/__init__.py:30: UserWarning: Importing verbose from langchain root module is no longer supported. Please use langchain.globals.set_verbose() / langchain.globals.get_verbose() instead.
  warnings.warn(
/Users/ljn/.pyenv/versions/3.11.5/lib/python3.11/site-packages/langchain/__init__.py:30: UserWarning: Importing debug from langchain root module is no longer supported. Please use langchain.globals.set_debug() / langchain.globals.get_debug() instead.
  warnings.warn(
/Users/ljn/.pyenv/versions/3.11.5/lib/python3.11/site-packages/langchain/__init__.py:30: UserWarning: Importing llm_cache from langchain root module is no longer supported. Please use langchain.globals.set_llm_cache() / langchain.globals.get_llm_cache() instead.
  warnings.warn(
[90m2026-07-06 15:40:58,049[0m │ - │ uvicorn.error │ INFO │ Started server process [4851]
[90m2026-07-06 15:40:58,049[0m │ - │ uvicorn.error │ INFO │ Waiting for application startup.
[90m2026-07-06 15:40:58,147[0m │ - │ alembic.runtime.plugins │ INFO │ setup plugin alembic.autogenerate.schemas
[90m2026-07-06 15:40:58,148[0m │ - │ alembic.runtime.plugins │ INFO │ setup plugin alembic.autogenerate.tables
[90m2026-07-06 15:40:58,148[0m │ - │ alembic.runtime.plugins │ INFO │ setup plugin alembic.autogenerate.types
[90m2026-07-06 15:40:58,148[0m │ - │ alembic.runtime.plugins │ INFO │ setup plugin alembic.autogenerate.constraints
[90m2026-07-06 15:40:58,148[0m │ - │ alembic.runtime.plugins │ INFO │ setup plugin alembic.autogenerate.defaults
[90m2026-07-06 15:40:58,148[0m │ - │ alembic.runtime.plugins │ INFO │ setup plugin alembic.autogenerate.comments
INFO  [alembic.runtime.migration] Context impl MySQLImpl.
INFO  [alembic.runtime.migration] Will assume non-transactional DDL.
[90m2026-07-06 15:40:58,839[0m │ - │ app.prompt.registry │ INFO │ Prompt 加载完成 | count=6
[90m2026-07-06 15:40:58,840[0m │ - │ app.bootstrap.lifespan │ INFO │ Prompt 模板已加载 | dir=/Users/ljn/Documents/demo/explore/backend/prompts
[90m2026-07-06 15:40:58,842[0m │ - │ app.prompt.composer │ INFO │ Snippet 加载完成 | count=10
[90m2026-07-06 15:40:58,845[0m │ - │ app.prompt.composer │ INFO │ Compositions 加载完成 | count=8
[90m2026-07-06 15:40:58,845[0m │ - │ app.bootstrap.lifespan │ INFO │ PromptComposer 初始化完成
[90m2026-07-06 15:40:58,854[0m │ - │ app.infra.mongo │ INFO │ MongoDB client 已初始化 | code=mongo_client_initialized uri=mongodb://root:***@43.155.217.74:27017/?authSource=admin database=farm_manager
[90m2026-07-06 15:40:58,854[0m │ - │ app.infra.trace_collector │ INFO │ TraceDAO 已初始化
[90m2026-07-06 15:40:58,854[0m │ - │ app.infra.trace_collector │ INFO │ Trace 后台 worker 已启动
[90m2026-07-06 15:40:58,986[0m │ - │ app.infra.trace_cleaner │ WARNING │ Trace TTL 跳过缺失的 MySQL 表 | code=trace_records_table_missing
[90m2026-07-06 15:40:59,104[0m │ - │ app.infra.trace_cleaner │ INFO │ TTL 清理完成 | trace_deleted=0 stats_deleted=0
[90m2026-07-06 15:41:10,622[0m │ - │ uvicorn.access │ INFO │ 127.0.0.1:62611 - "GET /health HTTP/1.1" 200
[90m2026-07-06 15:41:57,996[0m │ - │ uvicorn.access │ INFO │ 127.0.0.1:62632 - "GET /openapi.json HTTP/1.1" 200
[90m2026-07-06 15:41:58,125[0m │ - │ uvicorn.access │ INFO │ 127.0.0.1:62633 - "GET /admin/config HTTP/1.1" 200
[90m2026-07-06 15:41:58,251[0m │ - │ app.bootstrap.exceptions │ ERROR │ 未捕获异常 | path=/admin/data-flywheel/daily-review/inbox
Traceback (most recent call last):
  File "/Users/ljn/.pyenv/versions/3.11.5/lib/python3.11/site-packages/sqlalchemy/engine/base.py", line 1967, in _exec_single_context
    self.dialect.do_execute(
  File "/Users/ljn/.pyenv/versions/3.11.5/lib/python3.11/site-packages/sqlalchemy/engine/default.py", line 941, in do_execute
    cursor.execute(statement, parameters)
  File "/Users/ljn/.pyenv/versions/3.11.5/lib/python3.11/site-packages/pymysql/cursors.py", line 153, in execute
    result = self._query(query)
             ^^^^^^^^^^^^^^^^^^
  File "/Users/ljn/.pyenv/versions/3.11.5/lib/python3.11/site-packages/pymysql/cursors.py", line 322, in _query
    conn.query(q)
  File "/Users/ljn/.pyenv/versions/3.11.5/lib/python3.11/site-packages/pymysql/connections.py", line 575, in query
    self._affected_rows = self._read_query_result(unbuffered=unbuffered)
                          ^^^^^^^^^^^^^^^^^^^^^^^^^^^^^^^^^^^^^^^^^^^^^^
  File "/Users/ljn/.pyenv/versions/3.11.5/lib/python3.11/site-packages/pymysql/connections.py", line 826, in _read_query_result
    result.read()
  File "/Users/ljn/.pyenv/versions/3.11.5/lib/python3.11/site-packages/pymysql/connections.py", line 1203, in read
    first_packet = self.connection._read_packet()
                   ^^^^^^^^^^^^^^^^^^^^^^^^^^^^^^
  File "/Users/ljn/.pyenv/versions/3.11.5/lib/python3.11/site-packages/pymysql/connections.py", line 782, in _read_packet
    packet.raise_for_error()
  File "/Users/ljn/.pyenv/versions/3.11.5/lib/python3.11/site-packages/pymysql/protocol.py", line 219, in raise_for_error
    err.raise_mysql_exception(self._data)
  File "/Users/ljn/.pyenv/versions/3.11.5/lib/python3.11/site-packages/pymysql/err.py", line 150, in raise_mysql_exception
    raise errorclass(errno, errval)
pymysql.err.ProgrammingError: (1146, "Table 'farm_manager.agent_review_issue_chains' doesn't exist")

The above exception was the direct cause of the following exception:

Traceback (most recent call last):
  File "/Users/ljn/.pyenv/versions/3.11.5/lib/python3.11/site-packages/starlette/middleware/errors.py", line 165, in __call__
    await self.app(scope, receive, _send)
  File "/Users/ljn/.pyenv/versions/3.11.5/lib/python3.11/site-packages/starlette/middleware/base.py", line 185, in __call__
    with collapse_excgroups():
  File "/Users/ljn/.pyenv/versions/3.11.5/lib/python3.11/contextlib.py", line 155, in __exit__
    self.gen.throw(typ, value, traceback)
  File "/Users/ljn/.pyenv/versions/3.11.5/lib/python3.11/site-packages/starlette/_utils.py", line 83, in collapse_excgroups
    raise exc
  File "/Users/ljn/.pyenv/versions/3.11.5/lib/python3.11/site-packages/starlette/middleware/base.py", line 187, in __call__
    response = await self.dispatch_func(request, call_next)
               ^^^^^^^^^^^^^^^^^^^^^^^^^^^^^^^^^^^^^^^^^^^^
  File "/Users/ljn/Documents/demo/explore/backend/app/bootstrap/middleware.py", line 51, in date_injection_middleware
    return await call_next(request)
           ^^^^^^^^^^^^^^^^^^^^^^^^
  File "/Users/ljn/.pyenv/versions/3.11.5/lib/python3.11/site-packages/starlette/middleware/base.py", line 163, in call_next
    raise app_exc
  File "/Users/ljn/.pyenv/versions/3.11.5/lib/python3.11/site-packages/starlette/middleware/base.py", line 149, in coro
    await self.app(scope, receive_or_disconnect, send_no_error)
  File "/Users/ljn/.pyenv/versions/3.11.5/lib/python3.11/site-packages/starlette/middleware/base.py", line 185, in __call__
    with collapse_excgroups():
  File "/Users/ljn/.pyenv/versions/3.11.5/lib/python3.11/contextlib.py", line 155, in __exit__
    self.gen.throw(typ, value, traceback)
  File "/Users/ljn/.pyenv/versions/3.11.5/lib/python3.11/site-packages/starlette/_utils.py", line 83, in collapse_excgroups
    raise exc
  File "/Users/ljn/.pyenv/versions/3.11.5/lib/python3.11/site-packages/starlette/middleware/base.py", line 187, in __call__
    response = await self.dispatch_func(request, call_next)
               ^^^^^^^^^^^^^^^^^^^^^^^^^^^^^^^^^^^^^^^^^^^^
  File "/Users/ljn/.pyenv/versions/3.11.5/lib/python3.11/site-packages/slowapi/middleware.py", line 136, in dispatch
    response = await call_next(request)
               ^^^^^^^^^^^^^^^^^^^^^^^^
  File "/Users/ljn/.pyenv/versions/3.11.5/lib/python3.11/site-packages/starlette/middleware/base.py", line 163, in call_next
    raise app_exc
  File "/Users/ljn/.pyenv/versions/3.11.5/lib/python3.11/site-packages/starlette/middleware/base.py", line 149, in coro
    await self.app(scope, receive_or_disconnect, send_no_error)
  File "/Users/ljn/.pyenv/versions/3.11.5/lib/python3.11/site-packages/starlette/middleware/cors.py", line 85, in __call__
    await self.app(scope, receive, send)
  File "/Users/ljn/.pyenv/versions/3.11.5/lib/python3.11/site-packages/starlette/middleware/exceptions.py", line 62, in __call__
    await wrap_app_handling_exceptions(self.app, conn)(scope, receive, send)
  File "/Users/ljn/.pyenv/versions/3.11.5/lib/python3.11/site-packages/starlette/_exception_handler.py", line 62, in wrapped_app
    raise exc
  File "/Users/ljn/.pyenv/versions/3.11.5/lib/python3.11/site-packages/starlette/_exception_handler.py", line 51, in wrapped_app
    await app(scope, receive, sender)
  File "/Users/ljn/.pyenv/versions/3.11.5/lib/python3.11/site-packages/starlette/routing.py", line 715, in __call__
    await self.middleware_stack(scope, receive, send)
  File "/Users/ljn/.pyenv/versions/3.11.5/lib/python3.11/site-packages/starlette/routing.py", line 735, in app
    await route.handle(scope, receive, send)
  File "/Users/ljn/.pyenv/versions/3.11.5/lib/python3.11/site-packages/starlette/routing.py", line 288, in handle
    await self.app(scope, receive, send)
  File "/Users/ljn/.pyenv/versions/3.11.5/lib/python3.11/site-packages/starlette/routing.py", line 76, in app
    await wrap_app_handling_exceptions(app, request)(scope, receive, send)
  File "/Users/ljn/.pyenv/versions/3.11.5/lib/python3.11/site-packages/starlette/_exception_handler.py", line 62, in wrapped_app
    raise exc
  File "/Users/ljn/.pyenv/versions/3.11.5/lib/python3.11/site-packages/starlette/_exception_handler.py", line 51, in wrapped_app
    await app(scope, receive, sender)
  File "/Users/ljn/.pyenv/versions/3.11.5/lib/python3.11/site-packages/starlette/routing.py", line 73, in app
    response = await f(request)
               ^^^^^^^^^^^^^^^^
  File "/Users/ljn/.pyenv/versions/3.11.5/lib/python3.11/site-packages/fastapi/routing.py", line 301, in app
    raw_response = await run_endpoint_function(
                   ^^^^^^^^^^^^^^^^^^^^^^^^^^^^
  File "/Users/ljn/.pyenv/versions/3.11.5/lib/python3.11/site-packages/fastapi/routing.py", line 214, in run_endpoint_function
    return await run_in_threadpool(dependant.call, **values)
           ^^^^^^^^^^^^^^^^^^^^^^^^^^^^^^^^^^^^^^^^^^^^^^^^^
  File "/Users/ljn/.pyenv/versions/3.11.5/lib/python3.11/site-packages/starlette/concurrency.py", line 39, in run_in_threadpool
    return await anyio.to_thread.run_sync(func, *args)
           ^^^^^^^^^^^^^^^^^^^^^^^^^^^^^^^^^^^^^^^^^^^
  File "/Users/ljn/.pyenv/versions/3.11.5/lib/python3.11/site-packages/anyio/to_thread.py", line 63, in run_sync
    return await get_async_backend().run_sync_in_worker_thread(
           ^^^^^^^^^^^^^^^^^^^^^^^^^^^^^^^^^^^^^^^^^^^^^^^^^^^^
  File "/Users/ljn/.pyenv/versions/3.11.5/lib/python3.11/site-packages/anyio/_backends/_asyncio.py", line 2502, in run_sync_in_worker_thread
    return await future
           ^^^^^^^^^^^^
  File "/Users/ljn/.pyenv/versions/3.11.5/lib/python3.11/site-packages/anyio/_backends/_asyncio.py", line 986, in run
    result = context.run(func, *args)
             ^^^^^^^^^^^^^^^^^^^^^^^^
  File "/Users/ljn/Documents/demo/explore/backend/app/modules/data_flywheel/review_issue_chains_router.py", line 81, in list_admin_data_flywheel_daily_review_inbox
    return list_daily_review_inbox(
           ^^^^^^^^^^^^^^^^^^^^^^^^
  File "/Users/ljn/Documents/demo/explore/backend/app/modules/data_flywheel/review_issue_chain_service.py", line 94, in list_daily_review_inbox
    persisted_total = _persisted_chain_total(
                      ^^^^^^^^^^^^^^^^^^^^^^^
  File "/Users/ljn/Documents/demo/explore/backend/app/modules/data_flywheel/review_issue_chain_service.py", line 235, in _persisted_chain_total
    _all_persisted_chains(
  File "/Users/ljn/Documents/demo/explore/backend/app/modules/data_flywheel/review_issue_chain_service.py", line 288, in _all_persisted_chains
    ).all()
      ^^^^^
  File "/Users/ljn/.pyenv/versions/3.11.5/lib/python3.11/site-packages/sqlalchemy/orm/query.py", line 2673, in all
    return self._iter().all()  # type: ignore
           ^^^^^^^^^^^^
  File "/Users/ljn/.pyenv/versions/3.11.5/lib/python3.11/site-packages/sqlalchemy/orm/query.py", line 2827, in _iter
    result: Union[ScalarResult[_T], Result[_T]] = self.session.execute(
                                                  ^^^^^^^^^^^^^^^^^^^^^
  File "/Users/ljn/.pyenv/versions/3.11.5/lib/python3.11/site-packages/sqlalchemy/orm/session.py", line 2362, in execute
    return self._execute_internal(
           ^^^^^^^^^^^^^^^^^^^^^^^
  File "/Users/ljn/.pyenv/versions/3.11.5/lib/python3.11/site-packages/sqlalchemy/orm/session.py", line 2247, in _execute_internal
    result: Result[Any] = compile_state_cls.orm_execute_statement(
                          ^^^^^^^^^^^^^^^^^^^^^^^^^^^^^^^^^^^^^^^^
  File "/Users/ljn/.pyenv/versions/3.11.5/lib/python3.11/site-packages/sqlalchemy/orm/context.py", line 305, in orm_execute_statement
    result = conn.execute(
             ^^^^^^^^^^^^^
  File "/Users/ljn/.pyenv/versions/3.11.5/lib/python3.11/site-packages/sqlalchemy/engine/base.py", line 1418, in execute
    return meth(
           ^^^^^
  File "/Users/ljn/.pyenv/versions/3.11.5/lib/python3.11/site-packages/sqlalchemy/sql/elements.py", line 515, in _execute_on_connection
    return connection._execute_clauseelement(
           ^^^^^^^^^^^^^^^^^^^^^^^^^^^^^^^^^^
  File "/Users/ljn/.pyenv/versions/3.11.5/lib/python3.11/site-packages/sqlalchemy/engine/base.py", line 1640, in _execute_clauseelement
    ret = self._execute_context(
          ^^^^^^^^^^^^^^^^^^^^^^
  File "/Users/ljn/.pyenv/versions/3.11.5/lib/python3.11/site-packages/sqlalchemy/engine/base.py", line 1846, in _execute_context
    return self._exec_single_context(
           ^^^^^^^^^^^^^^^^^^^^^^^^^^
  File "/Users/ljn/.pyenv/versions/3.11.5/lib/python3.11/site-packages/sqlalchemy/engine/base.py", line 1986, in _exec_single_context
    self._handle_dbapi_exception(
  File "/Users/ljn/.pyenv/versions/3.11.5/lib/python3.11/site-packages/sqlalchemy/engine/base.py", line 2355, in _handle_dbapi_exception
    raise sqlalchemy_exception.with_traceback(exc_info[2]) from e
  File "/Users/ljn/.pyenv/versions/3.11.5/lib/python3.11/site-packages/sqlalchemy/engine/base.py", line 1967, in _exec_single_context
    self.dialect.do_execute(
  File "/Users/ljn/.pyenv/versions/3.11.5/lib/python3.11/site-packages/sqlalchemy/engine/default.py", line 941, in do_execute
    cursor.execute(statement, parameters)
  File "/Users/ljn/.pyenv/versions/3.11.5/lib/python3.11/site-packages/pymysql/cursors.py", line 153, in execute
    result = self._query(query)
             ^^^^^^^^^^^^^^^^^^
  File "/Users/ljn/.pyenv/versions/3.11.5/lib/python3.11/site-packages/pymysql/cursors.py", line 322, in _query
    conn.query(q)
  File "/Users/ljn/.pyenv/versions/3.11.5/lib/python3.11/site-packages/pymysql/connections.py", line 575, in query
    self._affected_rows = self._read_query_result(unbuffered=unbuffered)
                          ^^^^^^^^^^^^^^^^^^^^^^^^^^^^^^^^^^^^^^^^^^^^^^
  File "/Users/ljn/.pyenv/versions/3.11.5/lib/python3.11/site-packages/pymysql/connections.py", line 826, in _read_query_result
    result.read()
  File "/Users/ljn/.pyenv/versions/3.11.5/lib/python3.11/site-packages/pymysql/connections.py", line 1203, in read
    first_packet = self.connection._read_packet()
                   ^^^^^^^^^^^^^^^^^^^^^^^^^^^^^^
  File "/Users/ljn/.pyenv/versions/3.11.5/lib/python3.11/site-packages/pymysql/connections.py", line 782, in _read_packet
    packet.raise_for_error()
  File "/Users/ljn/.pyenv/versions/3.11.5/lib/python3.11/site-packages/pymysql/protocol.py", line 219, in raise_for_error
    err.raise_mysql_exception(self._data)
  File "/Users/ljn/.pyenv/versions/3.11.5/lib/python3.11/site-packages/pymysql/err.py", line 150, in raise_mysql_exception
    raise errorclass(errno, errval)
sqlalchemy.exc.ProgrammingError: (pymysql.err.ProgrammingError) (1146, "Table 'farm_manager.agent_review_issue_chains' doesn't exist")
[SQL: SELECT agent_review_issue_chains.id AS agent_review_issue_chains_id, agent_review_issue_chains.farm_id AS agent_review_issue_chains_farm_id, agent_review_issue_chains.chain_id AS agent_review_issue_chains_chain_id, agent_review_issue_chains.session_id AS agent_review_issue_chains_session_id, agent_review_issue_chains.trigger_turn_id AS agent_review_issue_chains_trigger_turn_id, agent_review_issue_chains.context_turn_ids AS agent_review_issue_chains_context_turn_ids, agent_review_issue_chains.result_turn_ids AS agent_review_issue_chains_result_turn_ids, agent_review_issue_chains.status AS agent_review_issue_chains_status, agent_review_issue_chains.severity AS agent_review_issue_chains_severity, agent_review_issue_chains.dominant_signal AS agent_review_issue_chains_dominant_signal, agent_review_issue_chains.final_labels AS agent_review_issue_chains_final_labels, agent_review_issue_chains.source_label_ids AS agent_review_issue_chains_source_label_ids, agent_review_issue_chains.root_cause AS agent_review_issue_chains_root_cause, agent_review_issue_chains.expected_behavior AS agent_review_issue_chains_expected_behavior, agent_review_issue_chains.fix_target AS agent_review_issue_chains_fix_target, agent_review_issue_chains.reviewer_comment AS agent_review_issue_chains_reviewer_comment, agent_review_issue_chains.false_positive_reason AS agent_review_issue_chains_false_positive_reason, agent_review_issue_chains.missing_evidence AS agent_review_issue_chains_missing_evidence, agent_review_issue_chains.ai_judge AS agent_review_issue_chains_ai_judge, agent_review_issue_chains.reviewer_id AS agent_review_issue_chains_reviewer_id, agent_review_issue_chains.reviewed_at AS agent_review_issue_chains_reviewed_at, agent_review_issue_chains.created_at AS agent_review_issue_chains_created_at, agent_review_issue_chains.updated_at AS agent_review_issue_chains_updated_at 
FROM agent_review_issue_chains 
WHERE agent_review_issue_chains.farm_id = %(farm_id_1)s ORDER BY agent_review_issue_chains.severity ASC, agent_review_issue_chains.updated_at DESC, agent_review_issue_chains.id DESC]
[parameters: {'farm_id_1': 2}]
(Background on this error at: https://sqlalche.me/e/20/f405)
[90m2026-07-06 15:41:58,303[0m │ - │ uvicorn.access │ INFO │ 127.0.0.1:62634 - "GET /admin/data-flywheel/daily-review/inbox?limit=20&offset=0 HTTP/1.1" 500
[90m2026-07-06 15:41:58,494[0m │ - │ app.infra.repository_runtime │ WARNING │ MySQL 文档表不存在，强制切换 Mongo 仓储 | code=document_table_missing_use_mongo object=prelabels table=agent_data_flywheel_prelabels configured=dual
[90m2026-07-06 15:41:58,845[0m │ - │ app.infra.repository_runtime │ WARNING │ MySQL 文档表不存在，强制切换 Mongo 仓储 | code=document_table_missing_use_mongo object=conversation_messages table=conversation_messages configured=mysql
[90m2026-07-06 15:42:10,489[0m │ - │ app.infra.repository_runtime │ WARNING │ MySQL 文档表不存在，强制切换 Mongo 仓储 | code=document_table_missing_use_mongo object=repair_packs table=agent_repair_packs configured=dual
[90m2026-07-06 15:42:10,894[0m │ - │ uvicorn.access │ INFO │ 127.0.0.1:62639 - "GET /admin/data-flywheel/repair-packs?page=1 HTTP/1.1" 200
[90m2026-07-06 15:42:11,149[0m │ - │ uvicorn.access │ INFO │ 127.0.0.1:62641 - "GET /admin/data-flywheel/samples?limit=20&offset=0 HTTP/1.1" 200
[90m2026-07-06 15:42:11,223[0m │ - │ app.infra.repository_runtime │ WARNING │ MySQL 文档表不存在，强制切换 Mongo 仓储 | code=document_table_missing_use_mongo object=guardrails_logs table=guardrails_logs configured=mysql
[90m2026-07-06 15:42:12,033[0m │ - │ uvicorn.access │ INFO │ 127.0.0.1:62642 - "GET /admin/guardrails-logs?page=1&size=20 HTTP/1.1" 200
[90m2026-07-06 15:42:12,068[0m │ - │ uvicorn.access │ INFO │ 127.0.0.1:62643 - "GET /admin/prompts HTTP/1.1" 200
[90m2026-07-06 15:42:12,112[0m │ - │ app.agent.skills │ INFO │ Skill 已加载 | name=get_cost_analytics | desc=分析农场收支趋势与对比。当用户问收支趋势、比去年花了多少、比上月赚了多少、成本分析、同比环比时，调用此工具获取趋势数据。支持按月、去年同期对比。
[90m2026-07-06 15:42:12,112[0m │ - │ app.agent.skills │ INFO │ Skill 已加载 | name=get_cost_summary | desc=查询农场收支汇总数据。当用户问余额、花了多少、赚了多少、收支情况、成本多少、利润、账单、周账单、月账单、年账单、流水明细、分类汇总、近期收支时，调用此工具获取真实数据。支持按日期、分类筛选，并按分类或月份分组。
[90m2026-07-06 15:42:12,112[0m │ - │ app.agent.skills │ INFO │ Skill 已加载 | name=create_cost_record | desc=记录一笔农场支出或收入。当用户说记一笔、买了化肥200块、卖了西瓜赚了5000、花了多少钱、赊账记账时，调用此工具。需要提供金额和分类，可选提供日期、类型、备注。
[90m2026-07-06 15:42:12,112[0m │ - │ app.agent.skills │ INFO │ Skill 已加载 | name=create_crop_cycle | desc=创建一个新的种植茬口（种植周期）。当用户说创建茬口、种植某作物、建茬口、开始种西瓜/番茄/辣椒等、春茬种什么、秋茬种什么时，调用此工具。需要提供作物名称，可选提供季节和开始日期。
[90m2026-07-06 15:42:12,112[0m │ - │ app.agent.skills │ INFO │ Skill 已加载 | name=create_crop_template | desc=创建作物模板（定义作物及其生长阶段）。当系统没有某作物模板、用户想种新作物时调用。只需提供作物名称，系统自动生成生长阶段。
[90m2026-07-06 15:42:12,112[0m │ - │ app.agent.skills │ INFO │ Skill 已加载 | name=create_operation_work_order | desc=创建农事作业单，适合记录授粉、压蔓、留瓜、垫瓜、采收、装车等农事。可同时记录多个工人、计薪方式、数量、单价、已付金额，并自动计入人工成本。
[90m2026-07-06 15:42:12,112[0m │ - │ app.agent.skills │ INFO │ Skill 已加载 | name=get_crop_cycle_info | desc=查询种植周期的详细信息。当用户问茬口状态、当前阶段、周期进度、茬口详情、西瓜长到哪了时，调用此工具获取真实数据。需要提供周期 ID。
[90m2026-07-06 15:42:12,112[0m │ - │ app.agent.skills │ INFO │ Skill 已加载 | name=delete_cost_record | desc=删除或撤销一条账务记录。执行后软删除记录并刷新账务统计。
[90m2026-07-06 15:42:12,112[0m │ - │ app.agent.skills │ INFO │ Skill 已加载 | name=delete_crop_cycle | desc=删除指定茬口，并级联删除其阶段、农事日志、成本记录和种植单元。
[90m2026-07-06 15:42:12,112[0m │ - │ app.agent.skills │ INFO │ Skill 已加载 | name=get_recent_farm_logs | desc=查询最近几天的农事操作记录。当用户问最近干了啥、查看农事记录、最近的操作日志、这几天做了什么农活时，调用此工具获取真实记录。需要提供周期 ID。
[90m2026-07-06 15:42:12,112[0m │ - │ app.agent.skills │ INFO │ Skill 已加载 | name=get_farm_status | desc=获取当前农场综合状态（茬口、近期农事、花费、天气）。当用户问到种植情况、农事进展、花费账目、需要整体建议时，调用此工具获取真实农场数据。
[90m2026-07-06 15:42:12,112[0m │ - │ app.agent.skills │ INFO │ Skill 已加载 | name=get_cost_categories | desc=查询农场账务分类，包括支出分类和收入分类。
[90m2026-07-06 15:42:12,112[0m │ - │ app.agent.skills │ INFO │ Skill 已加载 | name=get_crop_cycles | desc=查询农场茬口列表，适合回答我的茬口、有哪些茬口、种植批次列表。
[90m2026-07-06 15:42:12,112[0m │ - │ app.agent.skills │ INFO │ Skill 已加载 | name=get_crop_templates | desc=查询农场作物模板及其生长阶段，用于查看有哪些作物模板可用于创建茬口。
[90m2026-07-06 15:42:12,112[0m │ - │ app.agent.skills │ INFO │ Skill 已加载 | name=get_debt_summary | desc=查询欠款统计，支持普通赊账以及总欠款。用户问我还欠多少钱、我欠别人多少钱时用 scope=total_payable，汇总普通赊账和未付人工；用户明确问赊账还欠多少时用 debt_only。只问人工工资欠款时使用 get_labor_payables。
[90m2026-07-06 15:42:12,112[0m │ - │ app.agent.skills │ INFO │ Skill 已加载 | name=get_labor_payables | desc=查询未付人工，支持按工人、茬口、作业单、日期范围和农场筛选。
[90m2026-07-06 15:42:12,112[0m │ - │ app.agent.skills │ INFO │ Skill 已加载 | name=get_operation_work_orders | desc=查询农事作业单，支持按茬口、棚/地块、作业类型、工人、日期范围、付款状态筛选，返回日期、范围、工人和付款摘要。
[90m2026-07-06 15:42:12,112[0m │ - │ app.agent.skills │ INFO │ Skill 已加载 | name=get_planting_units | desc=查询农场种植单元、棚、地块或区域，可按茬口 ID 过滤。
[90m2026-07-06 15:42:12,112[0m │ - │ app.agent.skills │ INFO │ Skill 已加载 | name=get_user_settings | desc=查询当前用户的显示名、默认天气城市/经纬度和助手回复角色设置。
[90m2026-07-06 15:42:12,112[0m │ - │ app.agent.skills │ INFO │ Skill 已加载 | name=get_workers | desc=查询工人档案，默认只返回活跃工人，可按需包含已停用/离职工人。
[90m2026-07-06 15:42:12,112[0m │ - │ app.agent.skills │ INFO │ Skill 已加载 | name=log_farm_activity | desc=记录一条农事操作。当用户说今天浇了水、施了肥、打了药、干了什么农活、记录农事操作时，调用此工具。需要提供操作类型（如浇水、施肥、打药），可选关联茬口。
[90m2026-07-06 15:42:12,112[0m │ - │ app.agent.skills │ INFO │ Skill 已加载 | name=manage_cost_categories | desc=创建或删除农场账务分类，删除系统默认分类会被拒绝。
[90m2026-07-06 15:42:12,112[0m │ - │ app.agent.skills │ INFO │ Skill 已加载 | name=manage_crop_templates | desc=更新或删除作物模板。删除模板会级联删除相关茬口、阶段、农事日志和成本记录，属于高风险操作。
[90m2026-07-06 15:42:12,112[0m │ - │ app.agent.skills │ INFO │ Skill 已加载 | name=manage_farm_logs | desc=更新或删除已有农事日志。创建农事记录请使用 log_farm_activity。
[90m2026-07-06 15:42:12,112[0m │ - │ app.agent.skills │ INFO │ Skill 已加载 | name=manage_planting_units | desc=创建、更新或删除棚、地块等种植单元。删除会移除该单元及其作业范围关联。
[90m2026-07-06 15:42:12,112[0m │ - │ app.agent.skills │ INFO │ Skill 已加载 | name=manage_user_settings | desc=更新当前用户显示名、默认天气城市、默认经纬度和助手回复角色。只允许修改当前登录用户自己的设置。
[90m2026-07-06 15:42:12,112[0m │ - │ app.agent.skills │ INFO │ Skill 已加载 | name=manage_wages | desc=保存或更新独立工资记录，并同步人工成本账单。新增工资必须提供茬口、工人、作业类型、日期、数量和单价；修改工资可按工资记录 ID 调整金额、已付金额、日期、工人或备注。
[90m2026-07-06 15:42:12,112[0m │ - │ app.agent.skills │ INFO │ Skill 已加载 | name=manage_workers | desc=创建、更新、停用或恢复工人档案。创建或更新时可记录姓名、电话、默认计薪方式、默认单价和备注；删除语义统一为停用/离职，保留历史用工。
[90m2026-07-06 15:42:12,112[0m │ - │ app.agent.skills │ INFO │ Skill 已加载 | name=settle_debt | desc=还赊账、结清欠款。当用户说还钱、还账、还款、清账、还了老王多少钱、把欠的账结了时，调用此工具。需要提供债权人名称，可选提供还款金额。
[90m2026-07-06 15:42:12,112[0m │ - │ app.agent.skills │ INFO │ Skill 已加载 | name=settle_labor_payment | desc=结算或部分支付未付人工，支持按工人、茬口、作业单和日期范围筛选，需确认。
[90m2026-07-06 15:42:12,112[0m │ - │ app.agent.skills │ INFO │ Skill 已加载 | name=update_crop_cycle | desc=修改、调整或更正已有茬口的开始日期、季节、名称、面积、状态、当前阶段或备注。当用户说修改玉米茬口9月1开始、把夏季玉米播种期改到9月1日、调整茬口名称、面积、状态或备注时调用此工具。可用 cycle_id、crop_name 或 cycle_name 定位茬口。
[90m2026-07-06 15:42:12,112[0m │ - │ app.agent.skills │ INFO │ Skill 已加载 | name=update_crop_stage | desc=更新茬口的生长阶段。当用户说西瓜进苗期了、到开花期了、阶段更新、进入下一阶段时，调用此工具更新当前阶段。需要提供目标阶段名称，可选指定茬口 ID。
[90m2026-07-06 15:42:12,112[0m │ - │ app.agent.skills │ INFO │ Skill 已加载 | name=update_operation_work_order | desc=修改或纠正已有农事作业单的日期、作业类型、范围、备注、工人、应付金额和已付金额。需要确认后执行。
[90m2026-07-06 15:42:12,112[0m │ - │ app.agent.skills │ INFO │ Skill 已加载 | name=weather | desc=获取未来7天天气预报和灾害预警。当用户问天气怎么样、明天天气、最近有雨吗、气温多少、有没有极端天气时，调用此工具获取真实天气数据。
[90m2026-07-06 15:42:12,112[0m │ - │ app.agent.skills │ INFO │ Skill 已加载 | name=web_search | desc=搜索互联网获取实时信息。当用户问最新新闻、市场价格、上市时间、最新政策、实时热点、百科知识等需要网络搜索的问题时调用。触发词: 最新、新闻、价格、上市、政策、热点、搜索、查一下
[90m2026-07-06 15:42:12,112[0m │ - │ app.agent.skills │ INFO │ SkillManager 初始化完成，共 35 个 Skill
[90m2026-07-06 15:42:12,150[0m │ - │ uvicorn.access │ INFO │ 127.0.0.1:62644 - "GET /admin/skills HTTP/1.1" 200
[90m2026-07-06 15:42:12,228[0m │ - │ uvicorn.access │ INFO │ 127.0.0.1:62645 - "GET /admin/stats/tokens HTTP/1.1" 200
[90m2026-07-06 15:42:12,308[0m │ - │ uvicorn.access │ INFO │ 127.0.0.1:62646 - "GET /admin/stats/tokens/daily?date=2026-07-06 HTTP/1.1" 200
[90m2026-07-06 15:42:12,657[0m │ - │ uvicorn.access │ INFO │ 127.0.0.1:62647 - "GET /admin/stats/tokens/hourly?start_date=2026-06-30&end_date=2026-07-06 HTTP/1.1" 200
[90m2026-07-06 15:42:13,770[0m │ - │ uvicorn.access │ INFO │ 127.0.0.1:62648 - "GET /admin/traces?limit=20&offset=0 HTTP/1.1" 200
[90m2026-07-06 15:42:13,830[0m │ - │ uvicorn.access │ INFO │ 127.0.0.1:62650 - "GET /admin/users?page=1&size=20 HTTP/1.1" 200
[90m2026-07-06 15:42:14,261[0m │ - │ uvicorn.access │ INFO │ 127.0.0.1:62651 - "GET /admin/users/quota-overview?page=1&size=20 HTTP/1.1" 200
[90m2026-07-06 15:42:14,368[0m │ - │ app.infra.repository_runtime │ WARNING │ MySQL 文档表不存在，强制切换 Mongo 仓储 | code=document_table_missing_use_mongo object=agent_records table=agent_records configured=mysql
[90m2026-07-06 15:42:14,472[0m │ - │ uvicorn.access │ INFO │ 127.0.0.1:62652 - "GET /agent/advice-history?limit=20 HTTP/1.1" 200
[90m2026-07-06 15:42:14,573[0m │ - │ uvicorn.access │ INFO │ 127.0.0.1:62653 - "GET /agent/conversations?limit=20 HTTP/1.1" 200
[90m2026-07-06 15:42:14,646[0m │ - │ uvicorn.access │ INFO │ 127.0.0.1:62654 - "GET /agent/feedback/stats HTTP/1.1" 200
[90m2026-07-06 15:42:14,796[0m │ - │ uvicorn.access │ INFO │ 127.0.0.1:62655 - "GET /agent/report-history?limit=20 HTTP/1.1" 200
[90m2026-07-06 15:42:14,914[0m │ - │ app.bootstrap.exceptions │ ERROR │ 未捕获异常 | path=/agent/reports
  + Exception Group Traceback (most recent call last):
  |   File "/Users/ljn/.pyenv/versions/3.11.5/lib/python3.11/site-packages/starlette/_utils.py", line 77, in collapse_excgroups
  |     yield
  |   File "/Users/ljn/.pyenv/versions/3.11.5/lib/python3.11/site-packages/starlette/middleware/base.py", line 186, in __call__
  |     async with anyio.create_task_group() as task_group:
  |   File "/Users/ljn/.pyenv/versions/3.11.5/lib/python3.11/site-packages/anyio/_backends/_asyncio.py", line 783, in __aexit__
  |     raise BaseExceptionGroup(
  | ExceptionGroup: unhandled errors in a TaskGroup (1 sub-exception)
  +-+---------------- 1 ----------------
    | Traceback (most recent call last):
    |   File "/Users/ljn/.pyenv/versions/3.11.5/lib/python3.11/site-packages/starlette/middleware/errors.py", line 165, in __call__
    |     await self.app(scope, receive, _send)
    |   File "/Users/ljn/.pyenv/versions/3.11.5/lib/python3.11/site-packages/starlette/middleware/base.py", line 185, in __call__
    |     with collapse_excgroups():
    |   File "/Users/ljn/.pyenv/versions/3.11.5/lib/python3.11/contextlib.py", line 155, in __exit__
    |     self.gen.throw(typ, value, traceback)
    |   File "/Users/ljn/.pyenv/versions/3.11.5/lib/python3.11/site-packages/starlette/_utils.py", line 83, in collapse_excgroups
    |     raise exc
    |   File "/Users/ljn/.pyenv/versions/3.11.5/lib/python3.11/site-packages/starlette/middleware/base.py", line 187, in __call__
    |     response = await self.dispatch_func(request, call_next)
    |                ^^^^^^^^^^^^^^^^^^^^^^^^^^^^^^^^^^^^^^^^^^^^
    |   File "/Users/ljn/Documents/demo/explore/backend/app/bootstrap/middleware.py", line 51, in date_injection_middleware
    |     return await call_next(request)
    |            ^^^^^^^^^^^^^^^^^^^^^^^^
    |   File "/Users/ljn/.pyenv/versions/3.11.5/lib/python3.11/site-packages/starlette/middleware/base.py", line 163, in call_next
    |     raise app_exc
    |   File "/Users/ljn/.pyenv/versions/3.11.5/lib/python3.11/site-packages/starlette/middleware/base.py", line 149, in coro
    |     await self.app(scope, receive_or_disconnect, send_no_error)
    |   File "/Users/ljn/.pyenv/versions/3.11.5/lib/python3.11/site-packages/starlette/middleware/base.py", line 185, in __call__
    |     with collapse_excgroups():
    |   File "/Users/ljn/.pyenv/versions/3.11.5/lib/python3.11/contextlib.py", line 155, in __exit__
    |     self.gen.throw(typ, value, traceback)
    |   File "/Users/ljn/.pyenv/versions/3.11.5/lib/python3.11/site-packages/starlette/_utils.py", line 83, in collapse_excgroups
    |     raise exc
    |   File "/Users/ljn/.pyenv/versions/3.11.5/lib/python3.11/site-packages/starlette/middleware/base.py", line 187, in __call__
    |     response = await self.dispatch_func(request, call_next)
    |                ^^^^^^^^^^^^^^^^^^^^^^^^^^^^^^^^^^^^^^^^^^^^
    |   File "/Users/ljn/.pyenv/versions/3.11.5/lib/python3.11/site-packages/slowapi/middleware.py", line 136, in dispatch
    |     response = await call_next(request)
    |                ^^^^^^^^^^^^^^^^^^^^^^^^
    |   File "/Users/ljn/.pyenv/versions/3.11.5/lib/python3.11/site-packages/starlette/middleware/base.py", line 163, in call_next
    |     raise app_exc
    |   File "/Users/ljn/.pyenv/versions/3.11.5/lib/python3.11/site-packages/starlette/middleware/base.py", line 149, in coro
    |     await self.app(scope, receive_or_disconnect, send_no_error)
    |   File "/Users/ljn/.pyenv/versions/3.11.5/lib/python3.11/site-packages/starlette/middleware/cors.py", line 85, in __call__
    |     await self.app(scope, receive, send)
    |   File "/Users/ljn/.pyenv/versions/3.11.5/lib/python3.11/site-packages/starlette/middleware/exceptions.py", line 62, in __call__
    |     await wrap_app_handling_exceptions(self.app, conn)(scope, receive, send)
    |   File "/Users/ljn/.pyenv/versions/3.11.5/lib/python3.11/site-packages/starlette/_exception_handler.py", line 62, in wrapped_app
    |     raise exc
    |   File "/Users/ljn/.pyenv/versions/3.11.5/lib/python3.11/site-packages/starlette/_exception_handler.py", line 51, in wrapped_app
    |     await app(scope, receive, sender)
    |   File "/Users/ljn/.pyenv/versions/3.11.5/lib/python3.11/site-packages/starlette/routing.py", line 715, in __call__
    |     await self.middleware_stack(scope, receive, send)
    |   File "/Users/ljn/.pyenv/versions/3.11.5/lib/python3.11/site-packages/starlette/routing.py", line 735, in app
    |     await route.handle(scope, receive, send)
    |   File "/Users/ljn/.pyenv/versions/3.11.5/lib/python3.11/site-packages/starlette/routing.py", line 288, in handle
    |     await self.app(scope, receive, send)
    |   File "/Users/ljn/.pyenv/versions/3.11.5/lib/python3.11/site-packages/starlette/routing.py", line 76, in app
    |     await wrap_app_handling_exceptions(app, request)(scope, receive, send)
    |   File "/Users/ljn/.pyenv/versions/3.11.5/lib/python3.11/site-packages/starlette/_exception_handler.py", line 62, in wrapped_app
    |     raise exc
    |   File "/Users/ljn/.pyenv/versions/3.11.5/lib/python3.11/site-packages/starlette/_exception_handler.py", line 51, in wrapped_app
    |     await app(scope, receive, sender)
    |   File "/Users/ljn/.pyenv/versions/3.11.5/lib/python3.11/site-packages/starlette/routing.py", line 73, in app
    |     response = await f(request)
    |                ^^^^^^^^^^^^^^^^
    |   File "/Users/ljn/.pyenv/versions/3.11.5/lib/python3.11/site-packages/fastapi/routing.py", line 301, in app
    |     raw_response = await run_endpoint_function(
    |                    ^^^^^^^^^^^^^^^^^^^^^^^^^^^^
    |   File "/Users/ljn/.pyenv/versions/3.11.5/lib/python3.11/site-packages/fastapi/routing.py", line 212, in run_endpoint_function
    |     return await dependant.call(**values)
    |            ^^^^^^^^^^^^^^^^^^^^^^^^^^^^^^
    |   File "/Users/ljn/Documents/demo/explore/backend/app/api/agent.py", line 244, in list_reports
    |     return list_report_page(db, farm=farm, page=page, size=size)
    |            ^^^^^^^^^^^^^^^^^^^^^^^^^^^^^^^^^^^^^^^^^^^^^^^^^^^^^
    |   File "/Users/ljn/Documents/demo/explore/backend/app/agent/application/history_use_case.py", line 215, in list_report_page
    |     page_data = run_maybe_awaitable(
    |                 ^^^^^^^^^^^^^^^^^^^^
    |   File "/Users/ljn/Documents/demo/explore/backend/app/infra/repository_runtime.py", line 86, in run_maybe_awaitable
    |     return _run_awaitable_in_thread(_as_coroutine(value))
    |            ^^^^^^^^^^^^^^^^^^^^^^^^^^^^^^^^^^^^^^^^^^^^^^
    |   File "/Users/ljn/Documents/demo/explore/backend/app/infra/repository_runtime.py", line 246, in _run_awaitable_in_thread
    |     raise result["error"]
    |   File "/Users/ljn/Documents/demo/explore/backend/app/infra/repository_runtime.py", line 238, in _runner
    |     result["value"] = asyncio.run(awaitable)
    |                       ^^^^^^^^^^^^^^^^^^^^^^
    |   File "/Users/ljn/.pyenv/versions/3.11.5/lib/python3.11/asyncio/runners.py", line 190, in run
    |     return runner.run(main)
    |            ^^^^^^^^^^^^^^^^
    |   File "/Users/ljn/.pyenv/versions/3.11.5/lib/python3.11/asyncio/runners.py", line 118, in run
    |     return self._loop.run_until_complete(task)
    |            ^^^^^^^^^^^^^^^^^^^^^^^^^^^^^^^^^^^
    |   File "uvloop/loop.pyx", line 1518, in uvloop.loop.Loop.run_until_complete
    |   File "/Users/ljn/Documents/demo/explore/backend/app/infra/repository_runtime.py", line 230, in _as_coroutine
    |     return await awaitable
    |            ^^^^^^^^^^^^^^^
    |   File "/Users/ljn/Documents/demo/explore/backend/app/infra/online_document_agent_record.py", line 174, in list_report_page
    |     total = await self._collection.count_documents(filter_doc)
    |             ^^^^^^^^^^^^^^^^^^^^^^^^^^^^^^^^^^^^^^^^^^^^^^^^^^
    | RuntimeError: Task <Task pending name='Task-119' coro=<_as_coroutine() running at /Users/ljn/Documents/demo/explore/backend/app/infra/repository_runtime.py:230> cb=[run_until_complete.<locals>.done_cb()]> got Future <Future pending cb=[_chain_future.<locals>._call_check_cancel() at /Users/ljn/.pyenv/versions/3.11.5/lib/python3.11/asyncio/futures.py:387]> attached to a different loop
    +------------------------------------

During handling of the above exception, another exception occurred:

Traceback (most recent call last):
  File "/Users/ljn/.pyenv/versions/3.11.5/lib/python3.11/site-packages/starlette/middleware/errors.py", line 165, in __call__
    await self.app(scope, receive, _send)
  File "/Users/ljn/.pyenv/versions/3.11.5/lib/python3.11/site-packages/starlette/middleware/base.py", line 185, in __call__
    with collapse_excgroups():
  File "/Users/ljn/.pyenv/versions/3.11.5/lib/python3.11/contextlib.py", line 155, in __exit__
    self.gen.throw(typ, value, traceback)
  File "/Users/ljn/.pyenv/versions/3.11.5/lib/python3.11/site-packages/starlette/_utils.py", line 83, in collapse_excgroups
    raise exc
  File "/Users/ljn/.pyenv/versions/3.11.5/lib/python3.11/site-packages/starlette/middleware/base.py", line 187, in __call__
    response = await self.dispatch_func(request, call_next)
               ^^^^^^^^^^^^^^^^^^^^^^^^^^^^^^^^^^^^^^^^^^^^
  File "/Users/ljn/Documents/demo/explore/backend/app/bootstrap/middleware.py", line 51, in date_injection_middleware
    return await call_next(request)
           ^^^^^^^^^^^^^^^^^^^^^^^^
  File "/Users/ljn/.pyenv/versions/3.11.5/lib/python3.11/site-packages/starlette/middleware/base.py", line 163, in call_next
    raise app_exc
  File "/Users/ljn/.pyenv/versions/3.11.5/lib/python3.11/site-packages/starlette/middleware/base.py", line 149, in coro
    await self.app(scope, receive_or_disconnect, send_no_error)
  File "/Users/ljn/.pyenv/versions/3.11.5/lib/python3.11/site-packages/starlette/middleware/base.py", line 185, in __call__
    with collapse_excgroups():
  File "/Users/ljn/.pyenv/versions/3.11.5/lib/python3.11/contextlib.py", line 155, in __exit__
    self.gen.throw(typ, value, traceback)
  File "/Users/ljn/.pyenv/versions/3.11.5/lib/python3.11/site-packages/starlette/_utils.py", line 83, in collapse_excgroups
    raise exc
  File "/Users/ljn/.pyenv/versions/3.11.5/lib/python3.11/site-packages/starlette/middleware/base.py", line 187, in __call__
    response = await self.dispatch_func(request, call_next)
               ^^^^^^^^^^^^^^^^^^^^^^^^^^^^^^^^^^^^^^^^^^^^
  File "/Users/ljn/.pyenv/versions/3.11.5/lib/python3.11/site-packages/slowapi/middleware.py", line 136, in dispatch
    response = await call_next(request)
               ^^^^^^^^^^^^^^^^^^^^^^^^
  File "/Users/ljn/.pyenv/versions/3.11.5/lib/python3.11/site-packages/starlette/middleware/base.py", line 163, in call_next
    raise app_exc
  File "/Users/ljn/.pyenv/versions/3.11.5/lib/python3.11/site-packages/starlette/middleware/base.py", line 149, in coro
    await self.app(scope, receive_or_disconnect, send_no_error)
  File "/Users/ljn/.pyenv/versions/3.11.5/lib/python3.11/site-packages/starlette/middleware/cors.py", line 85, in __call__
    await self.app(scope, receive, send)
  File "/Users/ljn/.pyenv/versions/3.11.5/lib/python3.11/site-packages/starlette/middleware/exceptions.py", line 62, in __call__
    await wrap_app_handling_exceptions(self.app, conn)(scope, receive, send)
  File "/Users/ljn/.pyenv/versions/3.11.5/lib/python3.11/site-packages/starlette/_exception_handler.py", line 62, in wrapped_app
    raise exc
  File "/Users/ljn/.pyenv/versions/3.11.5/lib/python3.11/site-packages/starlette/_exception_handler.py", line 51, in wrapped_app
    await app(scope, receive, sender)
  File "/Users/ljn/.pyenv/versions/3.11.5/lib/python3.11/site-packages/starlette/routing.py", line 715, in __call__
    await self.middleware_stack(scope, receive, send)
  File "/Users/ljn/.pyenv/versions/3.11.5/lib/python3.11/site-packages/starlette/routing.py", line 735, in app
    await route.handle(scope, receive, send)
  File "/Users/ljn/.pyenv/versions/3.11.5/lib/python3.11/site-packages/starlette/routing.py", line 288, in handle
    await self.app(scope, receive, send)
  File "/Users/ljn/.pyenv/versions/3.11.5/lib/python3.11/site-packages/starlette/routing.py", line 76, in app
    await wrap_app_handling_exceptions(app, request)(scope, receive, send)
  File "/Users/ljn/.pyenv/versions/3.11.5/lib/python3.11/site-packages/starlette/_exception_handler.py", line 62, in wrapped_app
    raise exc
  File "/Users/ljn/.pyenv/versions/3.11.5/lib/python3.11/site-packages/starlette/_exception_handler.py", line 51, in wrapped_app
    await app(scope, receive, sender)
  File "/Users/ljn/.pyenv/versions/3.11.5/lib/python3.11/site-packages/starlette/routing.py", line 73, in app
    response = await f(request)
               ^^^^^^^^^^^^^^^^
  File "/Users/ljn/.pyenv/versions/3.11.5/lib/python3.11/site-packages/fastapi/routing.py", line 301, in app
    raw_response = await run_endpoint_function(
                   ^^^^^^^^^^^^^^^^^^^^^^^^^^^^
  File "/Users/ljn/.pyenv/versions/3.11.5/lib/python3.11/site-packages/fastapi/routing.py", line 212, in run_endpoint_function
    return await dependant.call(**values)
           ^^^^^^^^^^^^^^^^^^^^^^^^^^^^^^
  File "/Users/ljn/Documents/demo/explore/backend/app/api/agent.py", line 244, in list_reports
    return list_report_page(db, farm=farm, page=page, size=size)
           ^^^^^^^^^^^^^^^^^^^^^^^^^^^^^^^^^^^^^^^^^^^^^^^^^^^^^
  File "/Users/ljn/Documents/demo/explore/backend/app/agent/application/history_use_case.py", line 215, in list_report_page
    page_data = run_maybe_awaitable(
                ^^^^^^^^^^^^^^^^^^^^
  File "/Users/ljn/Documents/demo/explore/backend/app/infra/repository_runtime.py", line 86, in run_maybe_awaitable
    return _run_awaitable_in_thread(_as_coroutine(value))
           ^^^^^^^^^^^^^^^^^^^^^^^^^^^^^^^^^^^^^^^^^^^^^^
  File "/Users/ljn/Documents/demo/explore/backend/app/infra/repository_runtime.py", line 246, in _run_awaitable_in_thread
    raise result["error"]
  File "/Users/ljn/Documents/demo/explore/backend/app/infra/repository_runtime.py", line 238, in _runner
    result["value"] = asyncio.run(awaitable)
                      ^^^^^^^^^^^^^^^^^^^^^^
  File "/Users/ljn/.pyenv/versions/3.11.5/lib/python3.11/asyncio/runners.py", line 190, in run
    return runner.run(main)
           ^^^^^^^^^^^^^^^^
  File "/Users/ljn/.pyenv/versions/3.11.5/lib/python3.11/asyncio/runners.py", line 118, in run
    return self._loop.run_until_complete(task)
           ^^^^^^^^^^^^^^^^^^^^^^^^^^^^^^^^^^^
  File "uvloop/loop.pyx", line 1518, in uvloop.loop.Loop.run_until_complete
  File "/Users/ljn/Documents/demo/explore/backend/app/infra/repository_runtime.py", line 230, in _as_coroutine
    return await awaitable
           ^^^^^^^^^^^^^^^
  File "/Users/ljn/Documents/demo/explore/backend/app/infra/online_document_agent_record.py", line 174, in list_report_page
    total = await self._collection.count_documents(filter_doc)
            ^^^^^^^^^^^^^^^^^^^^^^^^^^^^^^^^^^^^^^^^^^^^^^^^^^
RuntimeError: Task <Task pending name='Task-119' coro=<_as_coroutine() running at /Users/ljn/Documents/demo/explore/backend/app/infra/repository_runtime.py:230> cb=[run_until_complete.<locals>.done_cb()]> got Future <Future pending cb=[_chain_future.<locals>._call_check_cancel() at /Users/ljn/.pyenv/versions/3.11.5/lib/python3.11/asyncio/futures.py:387]> attached to a different loop
[90m2026-07-06 15:42:14,922[0m │ - │ uvicorn.access │ INFO │ 127.0.0.1:62656 - "GET /agent/reports?page=1&size=20 HTTP/1.1" 500
[90m2026-07-06 15:42:14,956[0m │ - │ uvicorn.access │ INFO │ 127.0.0.1:62657 - "GET /agent/skills HTTP/1.1" 200
[90m2026-07-06 15:42:14,961[0m │ - │ uvicorn.access │ INFO │ 127.0.0.1:62658 - "GET /api/app/version HTTP/1.1" 200
[90m2026-07-06 15:42:15,032[0m │ - │ uvicorn.access │ INFO │ 127.0.0.1:62659 - "GET /auth/me HTTP/1.1" 200
[90m2026-07-06 15:42:15,422[0m │ - │ app.services.cost_category_service │ INFO │ 为农场 8 初始化了 10 个默认分类
[90m2026-07-06 15:42:15,464[0m │ - │ uvicorn.access │ INFO │ 127.0.0.1:62660 - "GET /cost-categories HTTP/1.1" 200
[90m2026-07-06 15:42:15,559[0m │ - │ uvicorn.access │ INFO │ 127.0.0.1:62661 - "GET /costs?page=1&size=20 HTTP/1.1" 200
[90m2026-07-06 15:42:15,839[0m │ - │ uvicorn.access │ INFO │ 127.0.0.1:62662 - "GET /crops/templates?page=1&size=20 HTTP/1.1" 200
[90m2026-07-06 15:42:16,385[0m │ - │ uvicorn.access │ INFO │ 127.0.0.1:62663 - "GET /crops/templates/system HTTP/1.1" 200
[90m2026-07-06 15:42:16,539[0m │ - │ uvicorn.access │ INFO │ 127.0.0.1:62664 - "GET /cycles?page=1&size=20 HTTP/1.1" 200
[90m2026-07-06 15:42:16,671[0m │ - │ uvicorn.access │ INFO │ 127.0.0.1:62665 - "GET /debts?page=1&size=20 HTTP/1.1" 200
[90m2026-07-06 15:42:16,748[0m │ - │ uvicorn.access │ INFO │ 127.0.0.1:62666 - "GET /health HTTP/1.1" 200
[90m2026-07-06 15:42:16,753[0m │ - │ uvicorn.access │ INFO │ 127.0.0.1:62667 - "GET /locations/meta HTTP/1.1" 200
[90m2026-07-06 15:42:16,758[0m │ - │ uvicorn.access │ INFO │ 127.0.0.1:62668 - "GET /locations/regions HTTP/1.1" 200
[90m2026-07-06 15:42:16,854[0m │ - │ uvicorn.access │ INFO │ 127.0.0.1:62669 - "GET /logs?page=1&size=20 HTTP/1.1" 200
[90m2026-07-06 15:42:16,908[0m │ - │ uvicorn.access │ INFO │ 127.0.0.1:62670 - "GET /planting/labor/unsettled-summary HTTP/1.1" 200
[90m2026-07-06 15:42:16,912[0m │ - │ uvicorn.access │ INFO │ 127.0.0.1:62671 - "GET /planting/operation-types HTTP/1.1" 200
[90m2026-07-06 15:42:17,066[0m │ - │ uvicorn.access │ INFO │ 127.0.0.1:62672 - "GET /planting/recent-operations?limit=20 HTTP/1.1" 200
[90m2026-07-06 15:42:17,156[0m │ - │ uvicorn.access │ INFO │ 127.0.0.1:62673 - "GET /planting/units HTTP/1.1" 200
[90m2026-07-06 15:42:17,264[0m │ - │ uvicorn.access │ INFO │ 127.0.0.1:62674 - "GET /planting/work-orders?page=1&size=20 HTTP/1.1" 200
[90m2026-07-06 15:42:17,347[0m │ - │ uvicorn.access │ INFO │ 127.0.0.1:62675 - "GET /planting/workers HTTP/1.1" 200
[90m2026-07-06 15:42:17,447[0m │ - │ uvicorn.access │ INFO │ 127.0.0.1:62676 - "GET /planting/workers/summary HTTP/1.1" 200
[90m2026-07-06 15:42:17,490[0m │ - │ uvicorn.access │ INFO │ 127.0.0.1:62677 - "GET /settings HTTP/1.1" 200
[90m2026-07-06 15:42:17,526[0m │ - │ app.simulation.test_runner │ INFO │ 加载 15 个测试用例
[90m2026-07-06 15:42:17,562[0m │ - │ uvicorn.access │ INFO │ 127.0.0.1:62678 - "GET /simulation/cases HTTP/1.1" 200
[90m2026-07-06 15:42:17,622[0m │ - │ uvicorn.access │ INFO │ 127.0.0.1:62679 - "GET /simulation/runs?limit=20 HTTP/1.1" 200
[90m2026-07-06 15:42:17,681[0m │ - │ uvicorn.access │ INFO │ 127.0.0.1:62680 - "GET /smart-fill/scenarios HTTP/1.1" 200
[90m2026-07-06 15:42:18,375[0m │ - │ uvicorn.access │ INFO │ 127.0.0.1:62681 - "GET /weather/forecast HTTP/1.1" 200
[90m2026-07-06 15:42:33,757[0m │ - │ app.bootstrap.exceptions │ ERROR │ 未捕获异常 | path=/admin/data-flywheel/repair-candidates
Traceback (most recent call last):
  File "/Users/ljn/.pyenv/versions/3.11.5/lib/python3.11/site-packages/pymysql/connections.py", line 789, in _read_bytes
    data = self._rfile.read(num_bytes)
           ^^^^^^^^^^^^^^^^^^^^^^^^^^^
  File "/Users/ljn/.pyenv/versions/3.11.5/lib/python3.11/socket.py", line 706, in readinto
    return self._sock.recv_into(b)
           ^^^^^^^^^^^^^^^^^^^^^^^
OSError: [Errno 65] No route to host

During handling of the above exception, another exception occurred:

Traceback (most recent call last):
  File "/Users/ljn/.pyenv/versions/3.11.5/lib/python3.11/site-packages/sqlalchemy/engine/base.py", line 1967, in _exec_single_context
    self.dialect.do_execute(
  File "/Users/ljn/.pyenv/versions/3.11.5/lib/python3.11/site-packages/sqlalchemy/engine/default.py", line 941, in do_execute
    cursor.execute(statement, parameters)
  File "/Users/ljn/.pyenv/versions/3.11.5/lib/python3.11/site-packages/pymysql/cursors.py", line 153, in execute
    result = self._query(query)
             ^^^^^^^^^^^^^^^^^^
  File "/Users/ljn/.pyenv/versions/3.11.5/lib/python3.11/site-packages/pymysql/cursors.py", line 322, in _query
    conn.query(q)
  File "/Users/ljn/.pyenv/versions/3.11.5/lib/python3.11/site-packages/pymysql/connections.py", line 575, in query
    self._affected_rows = self._read_query_result(unbuffered=unbuffered)
                          ^^^^^^^^^^^^^^^^^^^^^^^^^^^^^^^^^^^^^^^^^^^^^^
  File "/Users/ljn/.pyenv/versions/3.11.5/lib/python3.11/site-packages/pymysql/connections.py", line 826, in _read_query_result
    result.read()
  File "/Users/ljn/.pyenv/versions/3.11.5/lib/python3.11/site-packages/pymysql/connections.py", line 1203, in read
    first_packet = self.connection._read_packet()
                   ^^^^^^^^^^^^^^^^^^^^^^^^^^^^^^
  File "/Users/ljn/.pyenv/versions/3.11.5/lib/python3.11/site-packages/pymysql/connections.py", line 751, in _read_packet
    packet_header = self._read_bytes(4)
                    ^^^^^^^^^^^^^^^^^^^
  File "/Users/ljn/.pyenv/versions/3.11.5/lib/python3.11/site-packages/pymysql/connections.py", line 795, in _read_bytes
    raise err.OperationalError(
pymysql.err.OperationalError: (2013, 'Lost connection to MySQL server during query ([Errno 65] No route to host)')

The above exception was the direct cause of the following exception:

Traceback (most recent call last):
  File "/Users/ljn/.pyenv/versions/3.11.5/lib/python3.11/site-packages/starlette/middleware/errors.py", line 165, in __call__
    await self.app(scope, receive, _send)
  File "/Users/ljn/.pyenv/versions/3.11.5/lib/python3.11/site-packages/starlette/middleware/base.py", line 185, in __call__
    with collapse_excgroups():
  File "/Users/ljn/.pyenv/versions/3.11.5/lib/python3.11/contextlib.py", line 155, in __exit__
    self.gen.throw(typ, value, traceback)
  File "/Users/ljn/.pyenv/versions/3.11.5/lib/python3.11/site-packages/starlette/_utils.py", line 83, in collapse_excgroups
    raise exc
  File "/Users/ljn/.pyenv/versions/3.11.5/lib/python3.11/site-packages/starlette/middleware/base.py", line 187, in __call__
    response = await self.dispatch_func(request, call_next)
               ^^^^^^^^^^^^^^^^^^^^^^^^^^^^^^^^^^^^^^^^^^^^
  File "/Users/ljn/Documents/demo/explore/backend/app/bootstrap/middleware.py", line 51, in date_injection_middleware
    return await call_next(request)
           ^^^^^^^^^^^^^^^^^^^^^^^^
  File "/Users/ljn/.pyenv/versions/3.11.5/lib/python3.11/site-packages/starlette/middleware/base.py", line 163, in call_next
    raise app_exc
  File "/Users/ljn/.pyenv/versions/3.11.5/lib/python3.11/site-packages/starlette/middleware/base.py", line 149, in coro
    await self.app(scope, receive_or_disconnect, send_no_error)
  File "/Users/ljn/.pyenv/versions/3.11.5/lib/python3.11/site-packages/starlette/middleware/base.py", line 185, in __call__
    with collapse_excgroups():
  File "/Users/ljn/.pyenv/versions/3.11.5/lib/python3.11/contextlib.py", line 155, in __exit__
    self.gen.throw(typ, value, traceback)
  File "/Users/ljn/.pyenv/versions/3.11.5/lib/python3.11/site-packages/starlette/_utils.py", line 83, in collapse_excgroups
    raise exc
  File "/Users/ljn/.pyenv/versions/3.11.5/lib/python3.11/site-packages/starlette/middleware/base.py", line 187, in __call__
    response = await self.dispatch_func(request, call_next)
               ^^^^^^^^^^^^^^^^^^^^^^^^^^^^^^^^^^^^^^^^^^^^
  File "/Users/ljn/.pyenv/versions/3.11.5/lib/python3.11/site-packages/slowapi/middleware.py", line 136, in dispatch
    response = await call_next(request)
               ^^^^^^^^^^^^^^^^^^^^^^^^
  File "/Users/ljn/.pyenv/versions/3.11.5/lib/python3.11/site-packages/starlette/middleware/base.py", line 163, in call_next
    raise app_exc
  File "/Users/ljn/.pyenv/versions/3.11.5/lib/python3.11/site-packages/starlette/middleware/base.py", line 149, in coro
    await self.app(scope, receive_or_disconnect, send_no_error)
  File "/Users/ljn/.pyenv/versions/3.11.5/lib/python3.11/site-packages/starlette/middleware/cors.py", line 85, in __call__
    await self.app(scope, receive, send)
  File "/Users/ljn/.pyenv/versions/3.11.5/lib/python3.11/site-packages/starlette/middleware/exceptions.py", line 62, in __call__
    await wrap_app_handling_exceptions(self.app, conn)(scope, receive, send)
  File "/Users/ljn/.pyenv/versions/3.11.5/lib/python3.11/site-packages/starlette/_exception_handler.py", line 62, in wrapped_app
    raise exc
  File "/Users/ljn/.pyenv/versions/3.11.5/lib/python3.11/site-packages/starlette/_exception_handler.py", line 51, in wrapped_app
    await app(scope, receive, sender)
  File "/Users/ljn/.pyenv/versions/3.11.5/lib/python3.11/site-packages/starlette/routing.py", line 715, in __call__
    await self.middleware_stack(scope, receive, send)
  File "/Users/ljn/.pyenv/versions/3.11.5/lib/python3.11/site-packages/starlette/routing.py", line 735, in app
    await route.handle(scope, receive, send)
  File "/Users/ljn/.pyenv/versions/3.11.5/lib/python3.11/site-packages/starlette/routing.py", line 288, in handle
    await self.app(scope, receive, send)
  File "/Users/ljn/.pyenv/versions/3.11.5/lib/python3.11/site-packages/starlette/routing.py", line 76, in app
    await wrap_app_handling_exceptions(app, request)(scope, receive, send)
  File "/Users/ljn/.pyenv/versions/3.11.5/lib/python3.11/site-packages/starlette/_exception_handler.py", line 62, in wrapped_app
    raise exc
  File "/Users/ljn/.pyenv/versions/3.11.5/lib/python3.11/site-packages/starlette/_exception_handler.py", line 51, in wrapped_app
    await app(scope, receive, sender)
  File "/Users/ljn/.pyenv/versions/3.11.5/lib/python3.11/site-packages/starlette/routing.py", line 73, in app
    response = await f(request)
               ^^^^^^^^^^^^^^^^
  File "/Users/ljn/.pyenv/versions/3.11.5/lib/python3.11/site-packages/fastapi/routing.py", line 301, in app
    raw_response = await run_endpoint_function(
                   ^^^^^^^^^^^^^^^^^^^^^^^^^^^^
  File "/Users/ljn/.pyenv/versions/3.11.5/lib/python3.11/site-packages/fastapi/routing.py", line 214, in run_endpoint_function
    return await run_in_threadpool(dependant.call, **values)
           ^^^^^^^^^^^^^^^^^^^^^^^^^^^^^^^^^^^^^^^^^^^^^^^^^
  File "/Users/ljn/.pyenv/versions/3.11.5/lib/python3.11/site-packages/starlette/concurrency.py", line 39, in run_in_threadpool
    return await anyio.to_thread.run_sync(func, *args)
           ^^^^^^^^^^^^^^^^^^^^^^^^^^^^^^^^^^^^^^^^^^^
  File "/Users/ljn/.pyenv/versions/3.11.5/lib/python3.11/site-packages/anyio/to_thread.py", line 63, in run_sync
    return await get_async_backend().run_sync_in_worker_thread(
           ^^^^^^^^^^^^^^^^^^^^^^^^^^^^^^^^^^^^^^^^^^^^^^^^^^^^
  File "/Users/ljn/.pyenv/versions/3.11.5/lib/python3.11/site-packages/anyio/_backends/_asyncio.py", line 2502, in run_sync_in_worker_thread
    return await future
           ^^^^^^^^^^^^
  File "/Users/ljn/.pyenv/versions/3.11.5/lib/python3.11/site-packages/anyio/_backends/_asyncio.py", line 986, in run
    result = context.run(func, *args)
             ^^^^^^^^^^^^^^^^^^^^^^^^
  File "/Users/ljn/Documents/demo/explore/backend/app/modules/data_flywheel/repair_packs_router.py", line 84, in list_admin_data_flywheel_repair_candidates
    return list_repair_candidates(
           ^^^^^^^^^^^^^^^^^^^^^^^
  File "/Users/ljn/Documents/demo/explore/backend/app/modules/data_flywheel/repair_pack_repository.py", line 62, in list_repair_candidates
    details = _details_for_selection(
              ^^^^^^^^^^^^^^^^^^^^^^^
  File "/Users/ljn/Documents/demo/explore/backend/app/modules/data_flywheel/repair_pack_repository.py", line 471, in _details_for_selection
    return [
           ^
  File "/Users/ljn/Documents/demo/explore/backend/app/modules/data_flywheel/repair_pack_repository.py", line 472, in <listcomp>
    get_sample_detail(db, farm_id=farm_id, sample_id=item["sample_id"])
  File "/Users/ljn/Documents/demo/explore/backend/app/modules/data_flywheel/service.py", line 547, in get_sample_detail
    "debug_export": build_session_debug_export(
                    ^^^^^^^^^^^^^^^^^^^^^^^^^^^
  File "/Users/ljn/Documents/demo/explore/backend/app/services/session_debug_export_service.py", line 24, in build_session_debug_export
    messages = get_conversation_messages(db, session_id, farm_id=farm_id)
               ^^^^^^^^^^^^^^^^^^^^^^^^^^^^^^^^^^^^^^^^^^^^^^^^^^^^^^^^^^
  File "/Users/ljn/Documents/demo/explore/backend/app/services/conversation_service.py", line 203, in get_conversation_messages
    conv = get_conversation_by_session(db, session_id, farm_id=farm_id)
           ^^^^^^^^^^^^^^^^^^^^^^^^^^^^^^^^^^^^^^^^^^^^^^^^^^^^^^^^^^^^
  File "/Users/ljn/Documents/demo/explore/backend/app/services/conversation_service.py", line 196, in get_conversation_by_session
    return query.first()
           ^^^^^^^^^^^^^
  File "/Users/ljn/.pyenv/versions/3.11.5/lib/python3.11/site-packages/sqlalchemy/orm/query.py", line 2728, in first
    return self.limit(1)._iter().first()  # type: ignore
           ^^^^^^^^^^^^^^^^^^^^^
  File "/Users/ljn/.pyenv/versions/3.11.5/lib/python3.11/site-packages/sqlalchemy/orm/query.py", line 2827, in _iter
    result: Union[ScalarResult[_T], Result[_T]] = self.session.execute(
                                                  ^^^^^^^^^^^^^^^^^^^^^
  File "/Users/ljn/.pyenv/versions/3.11.5/lib/python3.11/site-packages/sqlalchemy/orm/session.py", line 2362, in execute
    return self._execute_internal(
           ^^^^^^^^^^^^^^^^^^^^^^^
  File "/Users/ljn/.pyenv/versions/3.11.5/lib/python3.11/site-packages/sqlalchemy/orm/session.py", line 2247, in _execute_internal
    result: Result[Any] = compile_state_cls.orm_execute_statement(
                          ^^^^^^^^^^^^^^^^^^^^^^^^^^^^^^^^^^^^^^^^
  File "/Users/ljn/.pyenv/versions/3.11.5/lib/python3.11/site-packages/sqlalchemy/orm/context.py", line 305, in orm_execute_statement
    result = conn.execute(
             ^^^^^^^^^^^^^
  File "/Users/ljn/.pyenv/versions/3.11.5/lib/python3.11/site-packages/sqlalchemy/engine/base.py", line 1418, in execute
    return meth(
           ^^^^^
  File "/Users/ljn/.pyenv/versions/3.11.5/lib/python3.11/site-packages/sqlalchemy/sql/elements.py", line 515, in _execute_on_connection
    return connection._execute_clauseelement(
           ^^^^^^^^^^^^^^^^^^^^^^^^^^^^^^^^^^
  File "/Users/ljn/.pyenv/versions/3.11.5/lib/python3.11/site-packages/sqlalchemy/engine/base.py", line 1640, in _execute_clauseelement
    ret = self._execute_context(
          ^^^^^^^^^^^^^^^^^^^^^^
  File "/Users/ljn/.pyenv/versions/3.11.5/lib/python3.11/site-packages/sqlalchemy/engine/base.py", line 1846, in _execute_context
    return self._exec_single_context(
           ^^^^^^^^^^^^^^^^^^^^^^^^^^
  File "/Users/ljn/.pyenv/versions/3.11.5/lib/python3.11/site-packages/sqlalchemy/engine/base.py", line 1986, in _exec_single_context
    self._handle_dbapi_exception(
  File "/Users/ljn/.pyenv/versions/3.11.5/lib/python3.11/site-packages/sqlalchemy/engine/base.py", line 2355, in _handle_dbapi_exception
    raise sqlalchemy_exception.with_traceback(exc_info[2]) from e
  File "/Users/ljn/.pyenv/versions/3.11.5/lib/python3.11/site-packages/sqlalchemy/engine/base.py", line 1967, in _exec_single_context
    self.dialect.do_execute(
  File "/Users/ljn/.pyenv/versions/3.11.5/lib/python3.11/site-packages/sqlalchemy/engine/default.py", line 941, in do_execute
    cursor.execute(statement, parameters)
  File "/Users/ljn/.pyenv/versions/3.11.5/lib/python3.11/site-packages/pymysql/cursors.py", line 153, in execute
    result = self._query(query)
             ^^^^^^^^^^^^^^^^^^
  File "/Users/ljn/.pyenv/versions/3.11.5/lib/python3.11/site-packages/pymysql/cursors.py", line 322, in _query
    conn.query(q)
  File "/Users/ljn/.pyenv/versions/3.11.5/lib/python3.11/site-packages/pymysql/connections.py", line 575, in query
    self._affected_rows = self._read_query_result(unbuffered=unbuffered)
                          ^^^^^^^^^^^^^^^^^^^^^^^^^^^^^^^^^^^^^^^^^^^^^^
  File "/Users/ljn/.pyenv/versions/3.11.5/lib/python3.11/site-packages/pymysql/connections.py", line 826, in _read_query_result
    result.read()
  File "/Users/ljn/.pyenv/versions/3.11.5/lib/python3.11/site-packages/pymysql/connections.py", line 1203, in read
    first_packet = self.connection._read_packet()
                   ^^^^^^^^^^^^^^^^^^^^^^^^^^^^^^
  File "/Users/ljn/.pyenv/versions/3.11.5/lib/python3.11/site-packages/pymysql/connections.py", line 751, in _read_packet
    packet_header = self._read_bytes(4)
                    ^^^^^^^^^^^^^^^^^^^
  File "/Users/ljn/.pyenv/versions/3.11.5/lib/python3.11/site-packages/pymysql/connections.py", line 795, in _read_bytes
    raise err.OperationalError(
sqlalchemy.exc.OperationalError: (pymysql.err.OperationalError) (2013, 'Lost connection to MySQL server during query ([Errno 65] No route to host)')
[SQL: SELECT conversations.id AS conversations_id, conversations.farm_id AS conversations_farm_id, conversations.user_id AS conversations_user_id, conversations.session_id AS conversations_session_id, conversations.status AS conversations_status, conversations.created_at AS conversations_created_at, conversations.last_active_at AS conversations_last_active_at, conversations.summary AS conversations_summary, conversations.summary_updated_at AS conversations_summary_updated_at, conversations.last_turn_id AS conversations_last_turn_id, conversations.last_event_seq AS conversations_last_event_seq, conversations.meta_json AS conversations_meta_json 
FROM conversations 
WHERE conversations.session_id = %(session_id_1)s AND conversations.farm_id = %(farm_id_1)s 
 LIMIT %(param_1)s]
[parameters: {'session_id_1': 'app-1782121695286112', 'farm_id_1': 2, 'param_1': 1}]
(Background on this error at: https://sqlalche.me/e/20/e3q8)
[90m2026-07-06 15:45:34,144[0m │ - │ app.infra.trace_collector │ INFO │ Trace 系统已停止，剩余数据已 flush
[90m2026-07-06 15:45:34,223[0m │ - │ app.infra.mongo │ INFO │ MongoDB client 已关闭 | code=mongo_client_closed
/Users/ljn/.pyenv/versions/3.11.5/lib/python3.11/site-packages/langchain/__init__.py:30: UserWarning: Importing verbose from langchain root module is no longer supported. Please use langchain.globals.set_verbose() / langchain.globals.get_verbose() instead.
  warnings.warn(
/Users/ljn/.pyenv/versions/3.11.5/lib/python3.11/site-packages/langchain/__init__.py:30: UserWarning: Importing debug from langchain root module is no longer supported. Please use langchain.globals.set_debug() / langchain.globals.get_debug() instead.
  warnings.warn(
/Users/ljn/.pyenv/versions/3.11.5/lib/python3.11/site-packages/langchain/__init__.py:30: UserWarning: Importing llm_cache from langchain root module is no longer supported. Please use langchain.globals.set_llm_cache() / langchain.globals.get_llm_cache() instead.
  warnings.warn(
[90m2026-07-06 15:45:37,831[0m │ - │ uvicorn.error │ INFO │ Started server process [42380]
[90m2026-07-06 15:45:37,831[0m │ - │ uvicorn.error │ INFO │ Waiting for application startup.
[90m2026-07-06 15:45:37,931[0m │ - │ alembic.runtime.plugins │ INFO │ setup plugin alembic.autogenerate.schemas
[90m2026-07-06 15:45:37,931[0m │ - │ alembic.runtime.plugins │ INFO │ setup plugin alembic.autogenerate.tables
[90m2026-07-06 15:45:37,931[0m │ - │ alembic.runtime.plugins │ INFO │ setup plugin alembic.autogenerate.types
[90m2026-07-06 15:45:37,932[0m │ - │ alembic.runtime.plugins │ INFO │ setup plugin alembic.autogenerate.constraints
[90m2026-07-06 15:45:37,932[0m │ - │ alembic.runtime.plugins │ INFO │ setup plugin alembic.autogenerate.defaults
[90m2026-07-06 15:45:37,932[0m │ - │ alembic.runtime.plugins │ INFO │ setup plugin alembic.autogenerate.comments
INFO  [alembic.runtime.migration] Context impl MySQLImpl.
INFO  [alembic.runtime.migration] Will assume non-transactional DDL.
[90m2026-07-06 15:45:38,807[0m │ - │ app.prompt.registry │ INFO │ Prompt 加载完成 | count=6
[90m2026-07-06 15:45:38,808[0m │ - │ app.bootstrap.lifespan │ INFO │ Prompt 模板已加载 | dir=/Users/ljn/Documents/demo/explore/backend/prompts
[90m2026-07-06 15:45:38,809[0m │ - │ app.prompt.composer │ INFO │ Snippet 加载完成 | count=10
[90m2026-07-06 15:45:38,811[0m │ - │ app.prompt.composer │ INFO │ Compositions 加载完成 | count=8
[90m2026-07-06 15:45:38,811[0m │ - │ app.bootstrap.lifespan │ INFO │ PromptComposer 初始化完成
[90m2026-07-06 15:45:38,818[0m │ - │ app.infra.mongo │ INFO │ MongoDB client 已初始化 | code=mongo_client_initialized uri=mongodb://root:***@43.155.217.74:27017/?authSource=admin database=farm_manager
[90m2026-07-06 15:45:38,818[0m │ - │ app.infra.trace_collector │ INFO │ TraceDAO 已初始化
[90m2026-07-06 15:45:38,818[0m │ - │ app.infra.trace_collector │ INFO │ Trace 后台 worker 已启动
[90m2026-07-06 15:45:38,889[0m │ - │ app.infra.trace_cleaner │ WARNING │ Trace TTL 跳过缺失的 MySQL 表 | code=trace_records_table_missing
[90m2026-07-06 15:45:38,934[0m │ - │ app.infra.trace_cleaner │ INFO │ TTL 清理完成 | trace_deleted=0 stats_deleted=0
[90m2026-07-06 15:45:47,586[0m │ - │ uvicorn.access │ INFO │ 127.0.0.1:62737 - "GET /health HTTP/1.1" 200
[90m2026-07-06 15:46:11,086[0m │ - │ uvicorn.access │ INFO │ 127.0.0.1:62758 - "GET /openapi.json HTTP/1.1" 200
[90m2026-07-06 15:46:11,273[0m │ - │ uvicorn.access │ INFO │ 127.0.0.1:62759 - "GET /admin/config HTTP/1.1" 200
[90m2026-07-06 15:46:11,450[0m │ - │ app.infra.repository_runtime │ WARNING │ MySQL 文档表不存在，强制切换 Mongo 仓储 | code=document_table_missing_use_mongo object=review_issue_chains table=agent_review_issue_chains configured=dual
[90m2026-07-06 15:46:13,464[0m │ - │ app.infra.repository_runtime │ WARNING │ MySQL 文档表不存在，强制切换 Mongo 仓储 | code=document_table_missing_use_mongo object=prelabels table=agent_data_flywheel_prelabels configured=dual
[90m2026-07-06 15:46:13,797[0m │ - │ app.infra.repository_runtime │ WARNING │ MySQL 文档表不存在，强制切换 Mongo 仓储 | code=document_table_missing_use_mongo object=conversation_messages table=conversation_messages configured=mysql
[90m2026-07-06 15:46:15,390[0m │ - │ app.bootstrap.exceptions │ ERROR │ 未捕获异常 | path=/admin/data-flywheel/daily-review/inbox
Traceback (most recent call last):
  File "/Users/ljn/.pyenv/versions/3.11.5/lib/python3.11/site-packages/sqlalchemy/engine/base.py", line 1967, in _exec_single_context
    self.dialect.do_execute(
  File "/Users/ljn/.pyenv/versions/3.11.5/lib/python3.11/site-packages/sqlalchemy/engine/default.py", line 941, in do_execute
    cursor.execute(statement, parameters)
  File "/Users/ljn/.pyenv/versions/3.11.5/lib/python3.11/site-packages/pymysql/cursors.py", line 153, in execute
    result = self._query(query)
             ^^^^^^^^^^^^^^^^^^
  File "/Users/ljn/.pyenv/versions/3.11.5/lib/python3.11/site-packages/pymysql/cursors.py", line 322, in _query
    conn.query(q)
  File "/Users/ljn/.pyenv/versions/3.11.5/lib/python3.11/site-packages/pymysql/connections.py", line 575, in query
    self._affected_rows = self._read_query_result(unbuffered=unbuffered)
                          ^^^^^^^^^^^^^^^^^^^^^^^^^^^^^^^^^^^^^^^^^^^^^^
  File "/Users/ljn/.pyenv/versions/3.11.5/lib/python3.11/site-packages/pymysql/connections.py", line 826, in _read_query_result
    result.read()
  File "/Users/ljn/.pyenv/versions/3.11.5/lib/python3.11/site-packages/pymysql/connections.py", line 1203, in read
    first_packet = self.connection._read_packet()
                   ^^^^^^^^^^^^^^^^^^^^^^^^^^^^^^
  File "/Users/ljn/.pyenv/versions/3.11.5/lib/python3.11/site-packages/pymysql/connections.py", line 782, in _read_packet
    packet.raise_for_error()
  File "/Users/ljn/.pyenv/versions/3.11.5/lib/python3.11/site-packages/pymysql/protocol.py", line 219, in raise_for_error
    err.raise_mysql_exception(self._data)
  File "/Users/ljn/.pyenv/versions/3.11.5/lib/python3.11/site-packages/pymysql/err.py", line 150, in raise_mysql_exception
    raise errorclass(errno, errval)
pymysql.err.ProgrammingError: (1146, "Table 'farm_manager.trace_records' doesn't exist")

The above exception was the direct cause of the following exception:

Traceback (most recent call last):
  File "/Users/ljn/.pyenv/versions/3.11.5/lib/python3.11/site-packages/starlette/middleware/errors.py", line 165, in __call__
    await self.app(scope, receive, _send)
  File "/Users/ljn/.pyenv/versions/3.11.5/lib/python3.11/site-packages/starlette/middleware/base.py", line 185, in __call__
    with collapse_excgroups():
  File "/Users/ljn/.pyenv/versions/3.11.5/lib/python3.11/contextlib.py", line 155, in __exit__
    self.gen.throw(typ, value, traceback)
  File "/Users/ljn/.pyenv/versions/3.11.5/lib/python3.11/site-packages/starlette/_utils.py", line 83, in collapse_excgroups
    raise exc
  File "/Users/ljn/.pyenv/versions/3.11.5/lib/python3.11/site-packages/starlette/middleware/base.py", line 187, in __call__
    response = await self.dispatch_func(request, call_next)
               ^^^^^^^^^^^^^^^^^^^^^^^^^^^^^^^^^^^^^^^^^^^^
  File "/Users/ljn/Documents/demo/explore/backend/app/bootstrap/middleware.py", line 51, in date_injection_middleware
    return await call_next(request)
           ^^^^^^^^^^^^^^^^^^^^^^^^
  File "/Users/ljn/.pyenv/versions/3.11.5/lib/python3.11/site-packages/starlette/middleware/base.py", line 163, in call_next
    raise app_exc
  File "/Users/ljn/.pyenv/versions/3.11.5/lib/python3.11/site-packages/starlette/middleware/base.py", line 149, in coro
    await self.app(scope, receive_or_disconnect, send_no_error)
  File "/Users/ljn/.pyenv/versions/3.11.5/lib/python3.11/site-packages/starlette/middleware/base.py", line 185, in __call__
    with collapse_excgroups():
  File "/Users/ljn/.pyenv/versions/3.11.5/lib/python3.11/contextlib.py", line 155, in __exit__
    self.gen.throw(typ, value, traceback)
  File "/Users/ljn/.pyenv/versions/3.11.5/lib/python3.11/site-packages/starlette/_utils.py", line 83, in collapse_excgroups
    raise exc
  File "/Users/ljn/.pyenv/versions/3.11.5/lib/python3.11/site-packages/starlette/middleware/base.py", line 187, in __call__
    response = await self.dispatch_func(request, call_next)
               ^^^^^^^^^^^^^^^^^^^^^^^^^^^^^^^^^^^^^^^^^^^^
  File "/Users/ljn/.pyenv/versions/3.11.5/lib/python3.11/site-packages/slowapi/middleware.py", line 136, in dispatch
    response = await call_next(request)
               ^^^^^^^^^^^^^^^^^^^^^^^^
  File "/Users/ljn/.pyenv/versions/3.11.5/lib/python3.11/site-packages/starlette/middleware/base.py", line 163, in call_next
    raise app_exc
  File "/Users/ljn/.pyenv/versions/3.11.5/lib/python3.11/site-packages/starlette/middleware/base.py", line 149, in coro
    await self.app(scope, receive_or_disconnect, send_no_error)
  File "/Users/ljn/.pyenv/versions/3.11.5/lib/python3.11/site-packages/starlette/middleware/cors.py", line 85, in __call__
    await self.app(scope, receive, send)
  File "/Users/ljn/.pyenv/versions/3.11.5/lib/python3.11/site-packages/starlette/middleware/exceptions.py", line 62, in __call__
    await wrap_app_handling_exceptions(self.app, conn)(scope, receive, send)
  File "/Users/ljn/.pyenv/versions/3.11.5/lib/python3.11/site-packages/starlette/_exception_handler.py", line 62, in wrapped_app
    raise exc
  File "/Users/ljn/.pyenv/versions/3.11.5/lib/python3.11/site-packages/starlette/_exception_handler.py", line 51, in wrapped_app
    await app(scope, receive, sender)
  File "/Users/ljn/.pyenv/versions/3.11.5/lib/python3.11/site-packages/starlette/routing.py", line 715, in __call__
    await self.middleware_stack(scope, receive, send)
  File "/Users/ljn/.pyenv/versions/3.11.5/lib/python3.11/site-packages/starlette/routing.py", line 735, in app
    await route.handle(scope, receive, send)
  File "/Users/ljn/.pyenv/versions/3.11.5/lib/python3.11/site-packages/starlette/routing.py", line 288, in handle
    await self.app(scope, receive, send)
  File "/Users/ljn/.pyenv/versions/3.11.5/lib/python3.11/site-packages/starlette/routing.py", line 76, in app
    await wrap_app_handling_exceptions(app, request)(scope, receive, send)
  File "/Users/ljn/.pyenv/versions/3.11.5/lib/python3.11/site-packages/starlette/_exception_handler.py", line 62, in wrapped_app
    raise exc
  File "/Users/ljn/.pyenv/versions/3.11.5/lib/python3.11/site-packages/starlette/_exception_handler.py", line 51, in wrapped_app
    await app(scope, receive, sender)
  File "/Users/ljn/.pyenv/versions/3.11.5/lib/python3.11/site-packages/starlette/routing.py", line 73, in app
    response = await f(request)
               ^^^^^^^^^^^^^^^^
  File "/Users/ljn/.pyenv/versions/3.11.5/lib/python3.11/site-packages/fastapi/routing.py", line 301, in app
    raw_response = await run_endpoint_function(
                   ^^^^^^^^^^^^^^^^^^^^^^^^^^^^
  File "/Users/ljn/.pyenv/versions/3.11.5/lib/python3.11/site-packages/fastapi/routing.py", line 214, in run_endpoint_function
    return await run_in_threadpool(dependant.call, **values)
           ^^^^^^^^^^^^^^^^^^^^^^^^^^^^^^^^^^^^^^^^^^^^^^^^^
  File "/Users/ljn/.pyenv/versions/3.11.5/lib/python3.11/site-packages/starlette/concurrency.py", line 39, in run_in_threadpool
    return await anyio.to_thread.run_sync(func, *args)
           ^^^^^^^^^^^^^^^^^^^^^^^^^^^^^^^^^^^^^^^^^^^
  File "/Users/ljn/.pyenv/versions/3.11.5/lib/python3.11/site-packages/anyio/to_thread.py", line 63, in run_sync
    return await get_async_backend().run_sync_in_worker_thread(
           ^^^^^^^^^^^^^^^^^^^^^^^^^^^^^^^^^^^^^^^^^^^^^^^^^^^^
  File "/Users/ljn/.pyenv/versions/3.11.5/lib/python3.11/site-packages/anyio/_backends/_asyncio.py", line 2502, in run_sync_in_worker_thread
    return await future
           ^^^^^^^^^^^^
  File "/Users/ljn/.pyenv/versions/3.11.5/lib/python3.11/site-packages/anyio/_backends/_asyncio.py", line 986, in run
    result = context.run(func, *args)
             ^^^^^^^^^^^^^^^^^^^^^^^^
  File "/Users/ljn/Documents/demo/explore/backend/app/modules/data_flywheel/review_issue_chains_router.py", line 81, in list_admin_data_flywheel_daily_review_inbox
    return list_daily_review_inbox(
           ^^^^^^^^^^^^^^^^^^^^^^^^
  File "/Users/ljn/Documents/demo/explore/backend/app/modules/data_flywheel/review_issue_chain_service.py", line 101, in list_daily_review_inbox
    return _merged_inbox(
           ^^^^^^^^^^^^^^
  File "/Users/ljn/Documents/demo/explore/backend/app/modules/data_flywheel/review_issue_chain_service.py", line 161, in _merged_inbox
    cards = [_session_card_from_saved_chain(db, row) for row in rows]
            ^^^^^^^^^^^^^^^^^^^^^^^^^^^^^^^^^^^^^^^^^^^^^^^^^^^^^^^^^
  File "/Users/ljn/Documents/demo/explore/backend/app/modules/data_flywheel/review_issue_chain_service.py", line 161, in <listcomp>
    cards = [_session_card_from_saved_chain(db, row) for row in rows]
             ^^^^^^^^^^^^^^^^^^^^^^^^^^^^^^^^^^^^^^^
  File "/Users/ljn/Documents/demo/explore/backend/app/modules/data_flywheel/review_issue_chain_service.py", line 701, in _session_card_from_saved_chain
    chain = _chain_for_turn(
            ^^^^^^^^^^^^^^^^
  File "/Users/ljn/Documents/demo/explore/backend/app/modules/data_flywheel/review_issue_chain_service.py", line 843, in _chain_for_turn
    evidence = evidence_checklist(db, trigger, events)
               ^^^^^^^^^^^^^^^^^^^^^^^^^^^^^^^^^^^^^^^
  File "/Users/ljn/Documents/demo/explore/backend/app/modules/data_flywheel/review_issue_chain_helpers.py", line 135, in evidence_checklist
    "present" if has_trace_record(db, trigger) else "missing",
                 ^^^^^^^^^^^^^^^^^^^^^^^^^^^^^
  File "/Users/ljn/Documents/demo/explore/backend/app/modules/data_flywheel/review_issue_chain_helpers.py", line 189, in has_trace_record
    .first()
     ^^^^^^^
  File "/Users/ljn/.pyenv/versions/3.11.5/lib/python3.11/site-packages/sqlalchemy/orm/query.py", line 2728, in first
    return self.limit(1)._iter().first()  # type: ignore
           ^^^^^^^^^^^^^^^^^^^^^
  File "/Users/ljn/.pyenv/versions/3.11.5/lib/python3.11/site-packages/sqlalchemy/orm/query.py", line 2827, in _iter
    result: Union[ScalarResult[_T], Result[_T]] = self.session.execute(
                                                  ^^^^^^^^^^^^^^^^^^^^^
  File "/Users/ljn/.pyenv/versions/3.11.5/lib/python3.11/site-packages/sqlalchemy/orm/session.py", line 2362, in execute
    return self._execute_internal(
           ^^^^^^^^^^^^^^^^^^^^^^^
  File "/Users/ljn/.pyenv/versions/3.11.5/lib/python3.11/site-packages/sqlalchemy/orm/session.py", line 2247, in _execute_internal
    result: Result[Any] = compile_state_cls.orm_execute_statement(
                          ^^^^^^^^^^^^^^^^^^^^^^^^^^^^^^^^^^^^^^^^
  File "/Users/ljn/.pyenv/versions/3.11.5/lib/python3.11/site-packages/sqlalchemy/orm/context.py", line 305, in orm_execute_statement
    result = conn.execute(
             ^^^^^^^^^^^^^
  File "/Users/ljn/.pyenv/versions/3.11.5/lib/python3.11/site-packages/sqlalchemy/engine/base.py", line 1418, in execute
    return meth(
           ^^^^^
  File "/Users/ljn/.pyenv/versions/3.11.5/lib/python3.11/site-packages/sqlalchemy/sql/elements.py", line 515, in _execute_on_connection
    return connection._execute_clauseelement(
           ^^^^^^^^^^^^^^^^^^^^^^^^^^^^^^^^^^
  File "/Users/ljn/.pyenv/versions/3.11.5/lib/python3.11/site-packages/sqlalchemy/engine/base.py", line 1640, in _execute_clauseelement
    ret = self._execute_context(
          ^^^^^^^^^^^^^^^^^^^^^^
  File "/Users/ljn/.pyenv/versions/3.11.5/lib/python3.11/site-packages/sqlalchemy/engine/base.py", line 1846, in _execute_context
    return self._exec_single_context(
           ^^^^^^^^^^^^^^^^^^^^^^^^^^
  File "/Users/ljn/.pyenv/versions/3.11.5/lib/python3.11/site-packages/sqlalchemy/engine/base.py", line 1986, in _exec_single_context
    self._handle_dbapi_exception(
  File "/Users/ljn/.pyenv/versions/3.11.5/lib/python3.11/site-packages/sqlalchemy/engine/base.py", line 2355, in _handle_dbapi_exception
    raise sqlalchemy_exception.with_traceback(exc_info[2]) from e
  File "/Users/ljn/.pyenv/versions/3.11.5/lib/python3.11/site-packages/sqlalchemy/engine/base.py", line 1967, in _exec_single_context
    self.dialect.do_execute(
  File "/Users/ljn/.pyenv/versions/3.11.5/lib/python3.11/site-packages/sqlalchemy/engine/default.py", line 941, in do_execute
    cursor.execute(statement, parameters)
  File "/Users/ljn/.pyenv/versions/3.11.5/lib/python3.11/site-packages/pymysql/cursors.py", line 153, in execute
    result = self._query(query)
             ^^^^^^^^^^^^^^^^^^
  File "/Users/ljn/.pyenv/versions/3.11.5/lib/python3.11/site-packages/pymysql/cursors.py", line 322, in _query
    conn.query(q)
  File "/Users/ljn/.pyenv/versions/3.11.5/lib/python3.11/site-packages/pymysql/connections.py", line 575, in query
    self._affected_rows = self._read_query_result(unbuffered=unbuffered)
                          ^^^^^^^^^^^^^^^^^^^^^^^^^^^^^^^^^^^^^^^^^^^^^^
  File "/Users/ljn/.pyenv/versions/3.11.5/lib/python3.11/site-packages/pymysql/connections.py", line 826, in _read_query_result
    result.read()
  File "/Users/ljn/.pyenv/versions/3.11.5/lib/python3.11/site-packages/pymysql/connections.py", line 1203, in read
    first_packet = self.connection._read_packet()
                   ^^^^^^^^^^^^^^^^^^^^^^^^^^^^^^
  File "/Users/ljn/.pyenv/versions/3.11.5/lib/python3.11/site-packages/pymysql/connections.py", line 782, in _read_packet
    packet.raise_for_error()
  File "/Users/ljn/.pyenv/versions/3.11.5/lib/python3.11/site-packages/pymysql/protocol.py", line 219, in raise_for_error
    err.raise_mysql_exception(self._data)
  File "/Users/ljn/.pyenv/versions/3.11.5/lib/python3.11/site-packages/pymysql/err.py", line 150, in raise_mysql_exception
    raise errorclass(errno, errval)
sqlalchemy.exc.ProgrammingError: (pymysql.err.ProgrammingError) (1146, "Table 'farm_manager.trace_records' doesn't exist")
[SQL: SELECT trace_records.id AS trace_records_id 
FROM trace_records 
WHERE trace_records.farm_id = %(farm_id_1)s AND trace_records.session_id = %(session_id_1)s AND trace_records.request_id = %(request_id_1)s 
 LIMIT %(param_1)s]
[parameters: {'farm_id_1': 2, 'session_id_1': 'playground-1782120559975-ognzh7', 'request_id_1': 'e5539dbc', 'param_1': 1}]
(Background on this error at: https://sqlalche.me/e/20/f405)
[90m2026-07-06 15:46:15,411[0m │ - │ uvicorn.access │ INFO │ 127.0.0.1:62761 - "GET /admin/data-flywheel/daily-review/inbox?limit=20&offset=0 HTTP/1.1" 500
[90m2026-07-06 15:46:35,621[0m │ - │ app.infra.repository_runtime │ WARNING │ MySQL 文档表不存在，强制切换 Mongo 仓储 | code=document_table_missing_use_mongo object=repair_packs table=agent_repair_packs configured=dual
[90m2026-07-06 15:46:37,551[0m │ - │ uvicorn.access │ INFO │ 127.0.0.1:62779 - "GET /admin/data-flywheel/repair-packs?page=1 HTTP/1.1" 200
[90m2026-07-06 15:46:38,173[0m │ - │ uvicorn.access │ INFO │ 127.0.0.1:62782 - "GET /admin/data-flywheel/samples?limit=20&offset=0 HTTP/1.1" 200
[90m2026-07-06 15:46:38,325[0m │ - │ app.infra.repository_runtime │ WARNING │ MySQL 文档表不存在，强制切换 Mongo 仓储 | code=document_table_missing_use_mongo object=guardrails_logs table=guardrails_logs configured=mysql
[90m2026-07-06 15:46:38,854[0m │ - │ uvicorn.access │ INFO │ 127.0.0.1:62783 - "GET /admin/guardrails-logs?page=1&size=20 HTTP/1.1" 200
[90m2026-07-06 15:46:38,896[0m │ - │ uvicorn.access │ INFO │ 127.0.0.1:62784 - "GET /admin/prompts HTTP/1.1" 200
[90m2026-07-06 15:46:38,939[0m │ - │ app.agent.skills │ INFO │ Skill 已加载 | name=get_cost_analytics | desc=分析农场收支趋势与对比。当用户问收支趋势、比去年花了多少、比上月赚了多少、成本分析、同比环比时，调用此工具获取趋势数据。支持按月、去年同期对比。
[90m2026-07-06 15:46:38,939[0m │ - │ app.agent.skills │ INFO │ Skill 已加载 | name=get_cost_summary | desc=查询农场收支汇总数据。当用户问余额、花了多少、赚了多少、收支情况、成本多少、利润、账单、周账单、月账单、年账单、流水明细、分类汇总、近期收支时，调用此工具获取真实数据。支持按日期、分类筛选，并按分类或月份分组。
[90m2026-07-06 15:46:38,939[0m │ - │ app.agent.skills │ INFO │ Skill 已加载 | name=create_cost_record | desc=记录一笔农场支出或收入。当用户说记一笔、买了化肥200块、卖了西瓜赚了5000、花了多少钱、赊账记账时，调用此工具。需要提供金额和分类，可选提供日期、类型、备注。
[90m2026-07-06 15:46:38,939[0m │ - │ app.agent.skills │ INFO │ Skill 已加载 | name=create_crop_cycle | desc=创建一个新的种植茬口（种植周期）。当用户说创建茬口、种植某作物、建茬口、开始种西瓜/番茄/辣椒等、春茬种什么、秋茬种什么时，调用此工具。需要提供作物名称，可选提供季节和开始日期。
[90m2026-07-06 15:46:38,939[0m │ - │ app.agent.skills │ INFO │ Skill 已加载 | name=create_crop_template | desc=创建作物模板（定义作物及其生长阶段）。当系统没有某作物模板、用户想种新作物时调用。只需提供作物名称，系统自动生成生长阶段。
[90m2026-07-06 15:46:38,939[0m │ - │ app.agent.skills │ INFO │ Skill 已加载 | name=create_operation_work_order | desc=创建农事作业单，适合记录授粉、压蔓、留瓜、垫瓜、采收、装车等农事。可同时记录多个工人、计薪方式、数量、单价、已付金额，并自动计入人工成本。
[90m2026-07-06 15:46:38,939[0m │ - │ app.agent.skills │ INFO │ Skill 已加载 | name=get_crop_cycle_info | desc=查询种植周期的详细信息。当用户问茬口状态、当前阶段、周期进度、茬口详情、西瓜长到哪了时，调用此工具获取真实数据。需要提供周期 ID。
[90m2026-07-06 15:46:38,939[0m │ - │ app.agent.skills │ INFO │ Skill 已加载 | name=delete_cost_record | desc=删除或撤销一条账务记录。执行后软删除记录并刷新账务统计。
[90m2026-07-06 15:46:38,939[0m │ - │ app.agent.skills │ INFO │ Skill 已加载 | name=delete_crop_cycle | desc=删除指定茬口，并级联删除其阶段、农事日志、成本记录和种植单元。
[90m2026-07-06 15:46:38,939[0m │ - │ app.agent.skills │ INFO │ Skill 已加载 | name=get_recent_farm_logs | desc=查询最近几天的农事操作记录。当用户问最近干了啥、查看农事记录、最近的操作日志、这几天做了什么农活时，调用此工具获取真实记录。需要提供周期 ID。
[90m2026-07-06 15:46:38,939[0m │ - │ app.agent.skills │ INFO │ Skill 已加载 | name=get_farm_status | desc=获取当前农场综合状态（茬口、近期农事、花费、天气）。当用户问到种植情况、农事进展、花费账目、需要整体建议时，调用此工具获取真实农场数据。
[90m2026-07-06 15:46:38,939[0m │ - │ app.agent.skills │ INFO │ Skill 已加载 | name=get_cost_categories | desc=查询农场账务分类，包括支出分类和收入分类。
[90m2026-07-06 15:46:38,939[0m │ - │ app.agent.skills │ INFO │ Skill 已加载 | name=get_crop_cycles | desc=查询农场茬口列表，适合回答我的茬口、有哪些茬口、种植批次列表。
[90m2026-07-06 15:46:38,939[0m │ - │ app.agent.skills │ INFO │ Skill 已加载 | name=get_crop_templates | desc=查询农场作物模板及其生长阶段，用于查看有哪些作物模板可用于创建茬口。
[90m2026-07-06 15:46:38,939[0m │ - │ app.agent.skills │ INFO │ Skill 已加载 | name=get_debt_summary | desc=查询欠款统计，支持普通赊账以及总欠款。用户问我还欠多少钱、我欠别人多少钱时用 scope=total_payable，汇总普通赊账和未付人工；用户明确问赊账还欠多少时用 debt_only。只问人工工资欠款时使用 get_labor_payables。
[90m2026-07-06 15:46:38,939[0m │ - │ app.agent.skills │ INFO │ Skill 已加载 | name=get_labor_payables | desc=查询未付人工，支持按工人、茬口、作业单、日期范围和农场筛选。
[90m2026-07-06 15:46:38,939[0m │ - │ app.agent.skills │ INFO │ Skill 已加载 | name=get_operation_work_orders | desc=查询农事作业单，支持按茬口、棚/地块、作业类型、工人、日期范围、付款状态筛选，返回日期、范围、工人和付款摘要。
[90m2026-07-06 15:46:38,939[0m │ - │ app.agent.skills │ INFO │ Skill 已加载 | name=get_planting_units | desc=查询农场种植单元、棚、地块或区域，可按茬口 ID 过滤。
[90m2026-07-06 15:46:38,939[0m │ - │ app.agent.skills │ INFO │ Skill 已加载 | name=get_user_settings | desc=查询当前用户的显示名、默认天气城市/经纬度和助手回复角色设置。
[90m2026-07-06 15:46:38,939[0m │ - │ app.agent.skills │ INFO │ Skill 已加载 | name=get_workers | desc=查询工人档案，默认只返回活跃工人，可按需包含已停用/离职工人。
[90m2026-07-06 15:46:38,939[0m │ - │ app.agent.skills │ INFO │ Skill 已加载 | name=log_farm_activity | desc=记录一条农事操作。当用户说今天浇了水、施了肥、打了药、干了什么农活、记录农事操作时，调用此工具。需要提供操作类型（如浇水、施肥、打药），可选关联茬口。
[90m2026-07-06 15:46:38,939[0m │ - │ app.agent.skills │ INFO │ Skill 已加载 | name=manage_cost_categories | desc=创建或删除农场账务分类，删除系统默认分类会被拒绝。
[90m2026-07-06 15:46:38,939[0m │ - │ app.agent.skills │ INFO │ Skill 已加载 | name=manage_crop_templates | desc=更新或删除作物模板。删除模板会级联删除相关茬口、阶段、农事日志和成本记录，属于高风险操作。
[90m2026-07-06 15:46:38,940[0m │ - │ app.agent.skills │ INFO │ Skill 已加载 | name=manage_farm_logs | desc=更新或删除已有农事日志。创建农事记录请使用 log_farm_activity。
[90m2026-07-06 15:46:38,940[0m │ - │ app.agent.skills │ INFO │ Skill 已加载 | name=manage_planting_units | desc=创建、更新或删除棚、地块等种植单元。删除会移除该单元及其作业范围关联。
[90m2026-07-06 15:46:38,940[0m │ - │ app.agent.skills │ INFO │ Skill 已加载 | name=manage_user_settings | desc=更新当前用户显示名、默认天气城市、默认经纬度和助手回复角色。只允许修改当前登录用户自己的设置。
[90m2026-07-06 15:46:38,940[0m │ - │ app.agent.skills │ INFO │ Skill 已加载 | name=manage_wages | desc=保存或更新独立工资记录，并同步人工成本账单。新增工资必须提供茬口、工人、作业类型、日期、数量和单价；修改工资可按工资记录 ID 调整金额、已付金额、日期、工人或备注。
[90m2026-07-06 15:46:38,940[0m │ - │ app.agent.skills │ INFO │ Skill 已加载 | name=manage_workers | desc=创建、更新、停用或恢复工人档案。创建或更新时可记录姓名、电话、默认计薪方式、默认单价和备注；删除语义统一为停用/离职，保留历史用工。
[90m2026-07-06 15:46:38,940[0m │ - │ app.agent.skills │ INFO │ Skill 已加载 | name=settle_debt | desc=还赊账、结清欠款。当用户说还钱、还账、还款、清账、还了老王多少钱、把欠的账结了时，调用此工具。需要提供债权人名称，可选提供还款金额。
[90m2026-07-06 15:46:38,940[0m │ - │ app.agent.skills │ INFO │ Skill 已加载 | name=settle_labor_payment | desc=结算或部分支付未付人工，支持按工人、茬口、作业单和日期范围筛选，需确认。
[90m2026-07-06 15:46:38,940[0m │ - │ app.agent.skills │ INFO │ Skill 已加载 | name=update_crop_cycle | desc=修改、调整或更正已有茬口的开始日期、季节、名称、面积、状态、当前阶段或备注。当用户说修改玉米茬口9月1开始、把夏季玉米播种期改到9月1日、调整茬口名称、面积、状态或备注时调用此工具。可用 cycle_id、crop_name 或 cycle_name 定位茬口。
[90m2026-07-06 15:46:38,940[0m │ - │ app.agent.skills │ INFO │ Skill 已加载 | name=update_crop_stage | desc=更新茬口的生长阶段。当用户说西瓜进苗期了、到开花期了、阶段更新、进入下一阶段时，调用此工具更新当前阶段。需要提供目标阶段名称，可选指定茬口 ID。
[90m2026-07-06 15:46:38,940[0m │ - │ app.agent.skills │ INFO │ Skill 已加载 | name=update_operation_work_order | desc=修改或纠正已有农事作业单的日期、作业类型、范围、备注、工人、应付金额和已付金额。需要确认后执行。
[90m2026-07-06 15:46:38,940[0m │ - │ app.agent.skills │ INFO │ Skill 已加载 | name=weather | desc=获取未来7天天气预报和灾害预警。当用户问天气怎么样、明天天气、最近有雨吗、气温多少、有没有极端天气时，调用此工具获取真实天气数据。
[90m2026-07-06 15:46:38,940[0m │ - │ app.agent.skills │ INFO │ Skill 已加载 | name=web_search | desc=搜索互联网获取实时信息。当用户问最新新闻、市场价格、上市时间、最新政策、实时热点、百科知识等需要网络搜索的问题时调用。触发词: 最新、新闻、价格、上市、政策、热点、搜索、查一下
[90m2026-07-06 15:46:38,940[0m │ - │ app.agent.skills │ INFO │ SkillManager 初始化完成，共 35 个 Skill
[90m2026-07-06 15:46:38,963[0m │ - │ uvicorn.access │ INFO │ 127.0.0.1:62785 - "GET /admin/skills HTTP/1.1" 200
[90m2026-07-06 15:46:39,007[0m │ - │ uvicorn.access │ INFO │ 127.0.0.1:62786 - "GET /admin/stats/tokens HTTP/1.1" 200
[90m2026-07-06 15:46:39,072[0m │ - │ uvicorn.access │ INFO │ 127.0.0.1:62787 - "GET /admin/stats/tokens/daily?date=2026-07-06 HTTP/1.1" 200
[90m2026-07-06 15:46:39,478[0m │ - │ uvicorn.access │ INFO │ 127.0.0.1:62788 - "GET /admin/stats/tokens/hourly?start_date=2026-06-30&end_date=2026-07-06 HTTP/1.1" 200
[90m2026-07-06 15:46:40,796[0m │ - │ uvicorn.access │ INFO │ 127.0.0.1:62790 - "GET /admin/traces?limit=20&offset=0 HTTP/1.1" 200
[90m2026-07-06 15:46:40,899[0m │ - │ uvicorn.access │ INFO │ 127.0.0.1:62792 - "GET /admin/users?page=1&size=20 HTTP/1.1" 200
[90m2026-07-06 15:46:41,259[0m │ - │ uvicorn.access │ INFO │ 127.0.0.1:62793 - "GET /admin/users/quota-overview?page=1&size=20 HTTP/1.1" 200
[90m2026-07-06 15:46:41,397[0m │ - │ app.infra.repository_runtime │ WARNING │ MySQL 文档表不存在，强制切换 Mongo 仓储 | code=document_table_missing_use_mongo object=agent_records table=agent_records configured=mysql
[90m2026-07-06 15:46:41,658[0m │ - │ uvicorn.access │ INFO │ 127.0.0.1:62794 - "GET /agent/advice-history?limit=20 HTTP/1.1" 200
[90m2026-07-06 15:46:41,758[0m │ - │ uvicorn.access │ INFO │ 127.0.0.1:62795 - "GET /agent/conversations?limit=20 HTTP/1.1" 200
[90m2026-07-06 15:46:41,870[0m │ - │ uvicorn.access │ INFO │ 127.0.0.1:62796 - "GET /agent/feedback/stats HTTP/1.1" 200
[90m2026-07-06 15:46:42,203[0m │ - │ uvicorn.access │ INFO │ 127.0.0.1:62797 - "GET /agent/report-history?limit=20 HTTP/1.1" 200
[90m2026-07-06 15:46:42,799[0m │ - │ uvicorn.access │ INFO │ 127.0.0.1:62798 - "GET /agent/reports?page=1&size=20 HTTP/1.1" 200
[90m2026-07-06 15:46:42,898[0m │ - │ uvicorn.access │ INFO │ 127.0.0.1:62799 - "GET /agent/skills HTTP/1.1" 200
[90m2026-07-06 15:46:42,906[0m │ - │ uvicorn.access │ INFO │ 127.0.0.1:62800 - "GET /api/app/version HTTP/1.1" 200
[90m2026-07-06 15:46:42,989[0m │ - │ uvicorn.access │ INFO │ 127.0.0.1:62801 - "GET /auth/me HTTP/1.1" 200
[90m2026-07-06 15:46:43,073[0m │ - │ uvicorn.access │ INFO │ 127.0.0.1:62802 - "GET /cost-categories HTTP/1.1" 200
[90m2026-07-06 15:46:43,205[0m │ - │ uvicorn.access │ INFO │ 127.0.0.1:62803 - "GET /costs?page=1&size=20 HTTP/1.1" 200
[90m2026-07-06 15:46:43,566[0m │ - │ uvicorn.access │ INFO │ 127.0.0.1:62804 - "GET /crops/templates?page=1&size=20 HTTP/1.1" 200
[90m2026-07-06 15:46:43,963[0m │ - │ uvicorn.access │ INFO │ 127.0.0.1:62805 - "GET /crops/templates/system HTTP/1.1" 200
[90m2026-07-06 15:46:44,077[0m │ - │ uvicorn.access │ INFO │ 127.0.0.1:62806 - "GET /cycles?page=1&size=20 HTTP/1.1" 200
[90m2026-07-06 15:46:44,221[0m │ - │ uvicorn.access │ INFO │ 127.0.0.1:62807 - "GET /debts?page=1&size=20 HTTP/1.1" 200
[90m2026-07-06 15:46:44,462[0m │ - │ uvicorn.access │ INFO │ 127.0.0.1:62808 - "GET /health HTTP/1.1" 200
[90m2026-07-06 15:46:44,466[0m │ - │ uvicorn.access │ INFO │ 127.0.0.1:62810 - "GET /locations/meta HTTP/1.1" 200
[90m2026-07-06 15:46:44,471[0m │ - │ uvicorn.access │ INFO │ 127.0.0.1:62811 - "GET /locations/regions HTTP/1.1" 200
[90m2026-07-06 15:46:44,591[0m │ - │ uvicorn.access │ INFO │ 127.0.0.1:62812 - "GET /logs?page=1&size=20 HTTP/1.1" 200
[90m2026-07-06 15:46:44,684[0m │ - │ uvicorn.access │ INFO │ 127.0.0.1:62813 - "GET /planting/labor/unsettled-summary HTTP/1.1" 200
[90m2026-07-06 15:46:44,687[0m │ - │ uvicorn.access │ INFO │ 127.0.0.1:62814 - "GET /planting/operation-types HTTP/1.1" 200
[90m2026-07-06 15:46:44,763[0m │ - │ uvicorn.access │ INFO │ 127.0.0.1:62815 - "GET /planting/recent-operations?limit=20 HTTP/1.1" 200
[90m2026-07-06 15:46:44,831[0m │ - │ uvicorn.access │ INFO │ 127.0.0.1:62816 - "GET /planting/units HTTP/1.1" 200
[90m2026-07-06 15:46:45,031[0m │ - │ uvicorn.access │ INFO │ 127.0.0.1:62817 - "GET /planting/work-orders?page=1&size=20 HTTP/1.1" 200
[90m2026-07-06 15:46:45,245[0m │ - │ uvicorn.access │ INFO │ 127.0.0.1:62818 - "GET /planting/workers HTTP/1.1" 200
[90m2026-07-06 15:46:45,372[0m │ - │ uvicorn.access │ INFO │ 127.0.0.1:62819 - "GET /planting/workers/summary HTTP/1.1" 200
[90m2026-07-06 15:46:45,447[0m │ - │ uvicorn.access │ INFO │ 127.0.0.1:62820 - "GET /settings HTTP/1.1" 200
[90m2026-07-06 15:46:45,475[0m │ - │ app.simulation.test_runner │ INFO │ 加载 15 个测试用例
[90m2026-07-06 15:46:45,504[0m │ - │ uvicorn.access │ INFO │ 127.0.0.1:62821 - "GET /simulation/cases HTTP/1.1" 200
[90m2026-07-06 15:46:45,579[0m │ - │ uvicorn.access │ INFO │ 127.0.0.1:62822 - "GET /simulation/runs?limit=20 HTTP/1.1" 200
[90m2026-07-06 15:46:45,648[0m │ - │ uvicorn.access │ INFO │ 127.0.0.1:62823 - "GET /smart-fill/scenarios HTTP/1.1" 200
[90m2026-07-06 15:46:46,294[0m │ - │ uvicorn.access │ INFO │ 127.0.0.1:62824 - "GET /weather/forecast HTTP/1.1" 200
[90m2026-07-06 15:49:19,567[0m │ - │ app.infra.trace_collector │ INFO │ Trace 系统已停止，剩余数据已 flush
[90m2026-07-06 15:49:19,822[0m │ - │ app.infra.mongo │ INFO │ MongoDB client 已关闭 | code=mongo_client_closed
/Users/ljn/.pyenv/versions/3.11.5/lib/python3.11/site-packages/langchain/__init__.py:30: UserWarning: Importing verbose from langchain root module is no longer supported. Please use langchain.globals.set_verbose() / langchain.globals.get_verbose() instead.
  warnings.warn(
/Users/ljn/.pyenv/versions/3.11.5/lib/python3.11/site-packages/langchain/__init__.py:30: UserWarning: Importing debug from langchain root module is no longer supported. Please use langchain.globals.set_debug() / langchain.globals.get_debug() instead.
  warnings.warn(
/Users/ljn/.pyenv/versions/3.11.5/lib/python3.11/site-packages/langchain/__init__.py:30: UserWarning: Importing llm_cache from langchain root module is no longer supported. Please use langchain.globals.set_llm_cache() / langchain.globals.get_llm_cache() instead.
  warnings.warn(
[90m2026-07-06 15:49:22,876[0m │ - │ uvicorn.error │ INFO │ Started server process [54534]
[90m2026-07-06 15:49:22,876[0m │ - │ uvicorn.error │ INFO │ Waiting for application startup.
[90m2026-07-06 15:49:22,934[0m │ - │ alembic.runtime.plugins │ INFO │ setup plugin alembic.autogenerate.schemas
[90m2026-07-06 15:49:22,934[0m │ - │ alembic.runtime.plugins │ INFO │ setup plugin alembic.autogenerate.tables
[90m2026-07-06 15:49:22,934[0m │ - │ alembic.runtime.plugins │ INFO │ setup plugin alembic.autogenerate.types
[90m2026-07-06 15:49:22,934[0m │ - │ alembic.runtime.plugins │ INFO │ setup plugin alembic.autogenerate.constraints
[90m2026-07-06 15:49:22,934[0m │ - │ alembic.runtime.plugins │ INFO │ setup plugin alembic.autogenerate.defaults
[90m2026-07-06 15:49:22,934[0m │ - │ alembic.runtime.plugins │ INFO │ setup plugin alembic.autogenerate.comments
INFO  [alembic.runtime.migration] Context impl MySQLImpl.
INFO  [alembic.runtime.migration] Will assume non-transactional DDL.
[90m2026-07-06 15:49:23,403[0m │ - │ app.prompt.registry │ INFO │ Prompt 加载完成 | count=6
[90m2026-07-06 15:49:23,403[0m │ - │ app.bootstrap.lifespan │ INFO │ Prompt 模板已加载 | dir=/Users/ljn/Documents/demo/explore/backend/prompts
[90m2026-07-06 15:49:23,405[0m │ - │ app.prompt.composer │ INFO │ Snippet 加载完成 | count=10
[90m2026-07-06 15:49:23,407[0m │ - │ app.prompt.composer │ INFO │ Compositions 加载完成 | count=8
[90m2026-07-06 15:49:23,407[0m │ - │ app.bootstrap.lifespan │ INFO │ PromptComposer 初始化完成
[90m2026-07-06 15:49:23,414[0m │ - │ app.infra.mongo │ INFO │ MongoDB client 已初始化 | code=mongo_client_initialized uri=mongodb://root:***@43.155.217.74:27017/?authSource=admin database=farm_manager
[90m2026-07-06 15:49:23,414[0m │ - │ app.infra.trace_collector │ INFO │ TraceDAO 已初始化
[90m2026-07-06 15:49:23,414[0m │ - │ app.infra.trace_collector │ INFO │ Trace 后台 worker 已启动
[90m2026-07-06 15:49:23,480[0m │ - │ app.infra.trace_cleaner │ WARNING │ Trace TTL 跳过缺失的 MySQL 表 | code=trace_records_table_missing
[90m2026-07-06 15:49:23,599[0m │ - │ app.infra.trace_cleaner │ INFO │ TTL 清理完成 | trace_deleted=0 stats_deleted=0
[90m2026-07-06 15:49:39,291[0m │ - │ uvicorn.access │ INFO │ 127.0.0.1:63109 - "GET /health HTTP/1.1" 200
[90m2026-07-06 15:49:39,780[0m │ - │ app.infra.repository_runtime │ WARNING │ MySQL 文档表不存在，强制切换 Mongo 仓储 | code=document_table_missing_use_mongo object=review_issue_chains table=agent_review_issue_chains configured=dual
[90m2026-07-06 15:49:41,077[0m │ - │ app.infra.repository_runtime │ WARNING │ MySQL 文档表不存在，强制切换 Mongo 仓储 | code=document_table_missing_use_mongo object=prelabels table=agent_data_flywheel_prelabels configured=dual
[90m2026-07-06 15:49:41,214[0m │ - │ app.infra.repository_runtime │ WARNING │ MySQL 文档表不存在，强制切换 Mongo 仓储 | code=document_table_missing_use_mongo object=conversation_messages table=conversation_messages configured=mysql
[90m2026-07-06 15:49:41,377[0m │ - │ app.infra.repository_runtime │ WARNING │ MySQL 文档表不存在，强制切换 Mongo 仓储 | code=document_table_missing_use_mongo object=trace table=trace_records configured=dual
[90m2026-07-06 15:49:57,146[0m │ - │ uvicorn.access │ INFO │ 127.0.0.1:63113 - "GET /admin/data-flywheel/daily-review/inbox?limit=20&offset=0 HTTP/1.1" 200
[90m2026-07-06 15:50:12,921[0m │ - │ uvicorn.access │ INFO │ 127.0.0.1:63123 - "GET /admin/data-flywheel/repair-candidates?limit=20&offset=0 HTTP/1.1" 200
[90m2026-07-06 15:50:13,105[0m │ - │ app.infra.repository_runtime │ WARNING │ MySQL 文档表不存在，强制切换 Mongo 仓储 | code=document_table_missing_use_mongo object=agent_records table=agent_records configured=mysql
[90m2026-07-06 15:50:13,448[0m │ - │ uvicorn.access │ INFO │ 127.0.0.1:63141 - "GET /agent/reports?page=1&size=20 HTTP/1.1" 200
[90m2026-07-06 15:50:33,586[0m │ - │ uvicorn.access │ INFO │ 127.0.0.1:63153 - "GET /openapi.json HTTP/1.1" 200
[90m2026-07-06 15:50:33,632[0m │ - │ uvicorn.access │ INFO │ 127.0.0.1:63154 - "GET /admin/config HTTP/1.1" 200
[90m2026-07-06 15:50:53,062[0m │ - │ uvicorn.access │ INFO │ 127.0.0.1:63155 - "GET /admin/data-flywheel/daily-review/inbox?limit=20&offset=0 HTTP/1.1" 200
[90m2026-07-06 15:51:07,495[0m │ - │ uvicorn.access │ INFO │ 127.0.0.1:63166 - "GET /admin/data-flywheel/repair-candidates?limit=20&offset=0 HTTP/1.1" 200
[90m2026-07-06 15:51:07,806[0m │ - │ app.infra.repository_runtime │ WARNING │ MySQL 文档表不存在，强制切换 Mongo 仓储 | code=document_table_missing_use_mongo object=repair_packs table=agent_repair_packs configured=dual
[90m2026-07-06 15:51:08,098[0m │ - │ uvicorn.access │ INFO │ 127.0.0.1:63171 - "GET /admin/data-flywheel/repair-packs?page=1 HTTP/1.1" 200
[90m2026-07-06 15:51:08,663[0m │ - │ uvicorn.access │ INFO │ 127.0.0.1:63172 - "GET /admin/data-flywheel/samples?limit=20&offset=0 HTTP/1.1" 200
[90m2026-07-06 15:51:08,827[0m │ - │ app.infra.repository_runtime │ WARNING │ MySQL 文档表不存在，强制切换 Mongo 仓储 | code=document_table_missing_use_mongo object=guardrails_logs table=guardrails_logs configured=mysql
[90m2026-07-06 15:51:08,981[0m │ - │ uvicorn.access │ INFO │ 127.0.0.1:63173 - "GET /admin/guardrails-logs?page=1&size=20 HTTP/1.1" 200
[90m2026-07-06 15:51:09,029[0m │ - │ uvicorn.access │ INFO │ 127.0.0.1:63174 - "GET /admin/prompts HTTP/1.1" 200
[90m2026-07-06 15:51:09,088[0m │ - │ app.agent.skills │ INFO │ Skill 已加载 | name=get_cost_analytics | desc=分析农场收支趋势与对比。当用户问收支趋势、比去年花了多少、比上月赚了多少、成本分析、同比环比时，调用此工具获取趋势数据。支持按月、去年同期对比。
[90m2026-07-06 15:51:09,088[0m │ - │ app.agent.skills │ INFO │ Skill 已加载 | name=get_cost_summary | desc=查询农场收支汇总数据。当用户问余额、花了多少、赚了多少、收支情况、成本多少、利润、账单、周账单、月账单、年账单、流水明细、分类汇总、近期收支时，调用此工具获取真实数据。支持按日期、分类筛选，并按分类或月份分组。
[90m2026-07-06 15:51:09,088[0m │ - │ app.agent.skills │ INFO │ Skill 已加载 | name=create_cost_record | desc=记录一笔农场支出或收入。当用户说记一笔、买了化肥200块、卖了西瓜赚了5000、花了多少钱、赊账记账时，调用此工具。需要提供金额和分类，可选提供日期、类型、备注。
[90m2026-07-06 15:51:09,088[0m │ - │ app.agent.skills │ INFO │ Skill 已加载 | name=create_crop_cycle | desc=创建一个新的种植茬口（种植周期）。当用户说创建茬口、种植某作物、建茬口、开始种西瓜/番茄/辣椒等、春茬种什么、秋茬种什么时，调用此工具。需要提供作物名称，可选提供季节和开始日期。
[90m2026-07-06 15:51:09,088[0m │ - │ app.agent.skills │ INFO │ Skill 已加载 | name=create_crop_template | desc=创建作物模板（定义作物及其生长阶段）。当系统没有某作物模板、用户想种新作物时调用。只需提供作物名称，系统自动生成生长阶段。
[90m2026-07-06 15:51:09,088[0m │ - │ app.agent.skills │ INFO │ Skill 已加载 | name=create_operation_work_order | desc=创建农事作业单，适合记录授粉、压蔓、留瓜、垫瓜、采收、装车等农事。可同时记录多个工人、计薪方式、数量、单价、已付金额，并自动计入人工成本。
[90m2026-07-06 15:51:09,088[0m │ - │ app.agent.skills │ INFO │ Skill 已加载 | name=get_crop_cycle_info | desc=查询种植周期的详细信息。当用户问茬口状态、当前阶段、周期进度、茬口详情、西瓜长到哪了时，调用此工具获取真实数据。需要提供周期 ID。
[90m2026-07-06 15:51:09,088[0m │ - │ app.agent.skills │ INFO │ Skill 已加载 | name=delete_cost_record | desc=删除或撤销一条账务记录。执行后软删除记录并刷新账务统计。
[90m2026-07-06 15:51:09,088[0m │ - │ app.agent.skills │ INFO │ Skill 已加载 | name=delete_crop_cycle | desc=删除指定茬口，并级联删除其阶段、农事日志、成本记录和种植单元。
[90m2026-07-06 15:51:09,088[0m │ - │ app.agent.skills │ INFO │ Skill 已加载 | name=get_recent_farm_logs | desc=查询最近几天的农事操作记录。当用户问最近干了啥、查看农事记录、最近的操作日志、这几天做了什么农活时，调用此工具获取真实记录。需要提供周期 ID。
[90m2026-07-06 15:51:09,088[0m │ - │ app.agent.skills │ INFO │ Skill 已加载 | name=get_farm_status | desc=获取当前农场综合状态（茬口、近期农事、花费、天气）。当用户问到种植情况、农事进展、花费账目、需要整体建议时，调用此工具获取真实农场数据。
[90m2026-07-06 15:51:09,088[0m │ - │ app.agent.skills │ INFO │ Skill 已加载 | name=get_cost_categories | desc=查询农场账务分类，包括支出分类和收入分类。
[90m2026-07-06 15:51:09,088[0m │ - │ app.agent.skills │ INFO │ Skill 已加载 | name=get_crop_cycles | desc=查询农场茬口列表，适合回答我的茬口、有哪些茬口、种植批次列表。
[90m2026-07-06 15:51:09,088[0m │ - │ app.agent.skills │ INFO │ Skill 已加载 | name=get_crop_templates | desc=查询农场作物模板及其生长阶段，用于查看有哪些作物模板可用于创建茬口。
[90m2026-07-06 15:51:09,088[0m │ - │ app.agent.skills │ INFO │ Skill 已加载 | name=get_debt_summary | desc=查询欠款统计，支持普通赊账以及总欠款。用户问我还欠多少钱、我欠别人多少钱时用 scope=total_payable，汇总普通赊账和未付人工；用户明确问赊账还欠多少时用 debt_only。只问人工工资欠款时使用 get_labor_payables。
[90m2026-07-06 15:51:09,088[0m │ - │ app.agent.skills │ INFO │ Skill 已加载 | name=get_labor_payables | desc=查询未付人工，支持按工人、茬口、作业单、日期范围和农场筛选。
[90m2026-07-06 15:51:09,088[0m │ - │ app.agent.skills │ INFO │ Skill 已加载 | name=get_operation_work_orders | desc=查询农事作业单，支持按茬口、棚/地块、作业类型、工人、日期范围、付款状态筛选，返回日期、范围、工人和付款摘要。
[90m2026-07-06 15:51:09,088[0m │ - │ app.agent.skills │ INFO │ Skill 已加载 | name=get_planting_units | desc=查询农场种植单元、棚、地块或区域，可按茬口 ID 过滤。
[90m2026-07-06 15:51:09,088[0m │ - │ app.agent.skills │ INFO │ Skill 已加载 | name=get_user_settings | desc=查询当前用户的显示名、默认天气城市/经纬度和助手回复角色设置。
[90m2026-07-06 15:51:09,088[0m │ - │ app.agent.skills │ INFO │ Skill 已加载 | name=get_workers | desc=查询工人档案，默认只返回活跃工人，可按需包含已停用/离职工人。
[90m2026-07-06 15:51:09,088[0m │ - │ app.agent.skills │ INFO │ Skill 已加载 | name=log_farm_activity | desc=记录一条农事操作。当用户说今天浇了水、施了肥、打了药、干了什么农活、记录农事操作时，调用此工具。需要提供操作类型（如浇水、施肥、打药），可选关联茬口。
[90m2026-07-06 15:51:09,088[0m │ - │ app.agent.skills │ INFO │ Skill 已加载 | name=manage_cost_categories | desc=创建或删除农场账务分类，删除系统默认分类会被拒绝。
[90m2026-07-06 15:51:09,088[0m │ - │ app.agent.skills │ INFO │ Skill 已加载 | name=manage_crop_templates | desc=更新或删除作物模板。删除模板会级联删除相关茬口、阶段、农事日志和成本记录，属于高风险操作。
[90m2026-07-06 15:51:09,088[0m │ - │ app.agent.skills │ INFO │ Skill 已加载 | name=manage_farm_logs | desc=更新或删除已有农事日志。创建农事记录请使用 log_farm_activity。
[90m2026-07-06 15:51:09,088[0m │ - │ app.agent.skills │ INFO │ Skill 已加载 | name=manage_planting_units | desc=创建、更新或删除棚、地块等种植单元。删除会移除该单元及其作业范围关联。
[90m2026-07-06 15:51:09,088[0m │ - │ app.agent.skills │ INFO │ Skill 已加载 | name=manage_user_settings | desc=更新当前用户显示名、默认天气城市、默认经纬度和助手回复角色。只允许修改当前登录用户自己的设置。
[90m2026-07-06 15:51:09,088[0m │ - │ app.agent.skills │ INFO │ Skill 已加载 | name=manage_wages | desc=保存或更新独立工资记录，并同步人工成本账单。新增工资必须提供茬口、工人、作业类型、日期、数量和单价；修改工资可按工资记录 ID 调整金额、已付金额、日期、工人或备注。
[90m2026-07-06 15:51:09,089[0m │ - │ app.agent.skills │ INFO │ Skill 已加载 | name=manage_workers | desc=创建、更新、停用或恢复工人档案。创建或更新时可记录姓名、电话、默认计薪方式、默认单价和备注；删除语义统一为停用/离职，保留历史用工。
[90m2026-07-06 15:51:09,089[0m │ - │ app.agent.skills │ INFO │ Skill 已加载 | name=settle_debt | desc=还赊账、结清欠款。当用户说还钱、还账、还款、清账、还了老王多少钱、把欠的账结了时，调用此工具。需要提供债权人名称，可选提供还款金额。
[90m2026-07-06 15:51:09,089[0m │ - │ app.agent.skills │ INFO │ Skill 已加载 | name=settle_labor_payment | desc=结算或部分支付未付人工，支持按工人、茬口、作业单和日期范围筛选，需确认。
[90m2026-07-06 15:51:09,089[0m │ - │ app.agent.skills │ INFO │ Skill 已加载 | name=update_crop_cycle | desc=修改、调整或更正已有茬口的开始日期、季节、名称、面积、状态、当前阶段或备注。当用户说修改玉米茬口9月1开始、把夏季玉米播种期改到9月1日、调整茬口名称、面积、状态或备注时调用此工具。可用 cycle_id、crop_name 或 cycle_name 定位茬口。
[90m2026-07-06 15:51:09,089[0m │ - │ app.agent.skills │ INFO │ Skill 已加载 | name=update_crop_stage | desc=更新茬口的生长阶段。当用户说西瓜进苗期了、到开花期了、阶段更新、进入下一阶段时，调用此工具更新当前阶段。需要提供目标阶段名称，可选指定茬口 ID。
[90m2026-07-06 15:51:09,089[0m │ - │ app.agent.skills │ INFO │ Skill 已加载 | name=update_operation_work_order | desc=修改或纠正已有农事作业单的日期、作业类型、范围、备注、工人、应付金额和已付金额。需要确认后执行。
[90m2026-07-06 15:51:09,089[0m │ - │ app.agent.skills │ INFO │ Skill 已加载 | name=weather | desc=获取未来7天天气预报和灾害预警。当用户问天气怎么样、明天天气、最近有雨吗、气温多少、有没有极端天气时，调用此工具获取真实天气数据。
[90m2026-07-06 15:51:09,089[0m │ - │ app.agent.skills │ INFO │ Skill 已加载 | name=web_search | desc=搜索互联网获取实时信息。当用户问最新新闻、市场价格、上市时间、最新政策、实时热点、百科知识等需要网络搜索的问题时调用。触发词: 最新、新闻、价格、上市、政策、热点、搜索、查一下
[90m2026-07-06 15:51:09,089[0m │ - │ app.agent.skills │ INFO │ SkillManager 初始化完成，共 35 个 Skill
[90m2026-07-06 15:51:09,122[0m │ - │ uvicorn.access │ INFO │ 127.0.0.1:63175 - "GET /admin/skills HTTP/1.1" 200
[90m2026-07-06 15:51:09,182[0m │ - │ uvicorn.access │ INFO │ 127.0.0.1:63176 - "GET /admin/stats/tokens HTTP/1.1" 200
[90m2026-07-06 15:51:09,264[0m │ - │ uvicorn.access │ INFO │ 127.0.0.1:63177 - "GET /admin/stats/tokens/daily?date=2026-07-06 HTTP/1.1" 200
[90m2026-07-06 15:51:09,573[0m │ - │ uvicorn.access │ INFO │ 127.0.0.1:63178 - "GET /admin/stats/tokens/hourly?start_date=2026-06-30&end_date=2026-07-06 HTTP/1.1" 200
[90m2026-07-06 15:51:11,194[0m │ - │ uvicorn.access │ INFO │ 127.0.0.1:63179 - "GET /admin/traces?limit=20&offset=0 HTTP/1.1" 200
[90m2026-07-06 15:51:11,300[0m │ - │ uvicorn.access │ INFO │ 127.0.0.1:63180 - "GET /admin/users?page=1&size=20 HTTP/1.1" 200
[90m2026-07-06 15:51:11,622[0m │ - │ uvicorn.access │ INFO │ 127.0.0.1:63181 - "GET /admin/users/quota-overview?page=1&size=20 HTTP/1.1" 200
[90m2026-07-06 15:51:11,773[0m │ - │ uvicorn.access │ INFO │ 127.0.0.1:63182 - "GET /agent/advice-history?limit=20 HTTP/1.1" 200
[90m2026-07-06 15:51:11,856[0m │ - │ uvicorn.access │ INFO │ 127.0.0.1:63183 - "GET /agent/conversations?limit=20 HTTP/1.1" 200
[90m2026-07-06 15:51:11,953[0m │ - │ uvicorn.access │ INFO │ 127.0.0.1:63184 - "GET /agent/feedback/stats HTTP/1.1" 200
[90m2026-07-06 15:51:12,088[0m │ - │ uvicorn.access │ INFO │ 127.0.0.1:63185 - "GET /agent/report-history?limit=20 HTTP/1.1" 200
[90m2026-07-06 15:51:12,632[0m │ - │ uvicorn.access │ INFO │ 127.0.0.1:63186 - "GET /agent/reports?page=1&size=20 HTTP/1.1" 200
[90m2026-07-06 15:51:12,675[0m │ - │ uvicorn.access │ INFO │ 127.0.0.1:63187 - "GET /agent/skills HTTP/1.1" 200
[90m2026-07-06 15:51:12,678[0m │ - │ uvicorn.access │ INFO │ 127.0.0.1:63188 - "GET /api/app/version HTTP/1.1" 200
[90m2026-07-06 15:51:12,831[0m │ - │ uvicorn.access │ INFO │ 127.0.0.1:63189 - "GET /auth/me HTTP/1.1" 200
[90m2026-07-06 15:51:13,065[0m │ - │ uvicorn.access │ INFO │ 127.0.0.1:63190 - "GET /cost-categories HTTP/1.1" 200
[90m2026-07-06 15:51:13,170[0m │ - │ uvicorn.access │ INFO │ 127.0.0.1:63191 - "GET /costs?page=1&size=20 HTTP/1.1" 200
[90m2026-07-06 15:51:13,378[0m │ - │ uvicorn.access │ INFO │ 127.0.0.1:63192 - "GET /crops/templates?page=1&size=20 HTTP/1.1" 200
[90m2026-07-06 15:51:13,636[0m │ - │ uvicorn.access │ INFO │ 127.0.0.1:63193 - "GET /crops/templates/system HTTP/1.1" 200
[90m2026-07-06 15:51:13,781[0m │ - │ uvicorn.access │ INFO │ 127.0.0.1:63194 - "GET /cycles?page=1&size=20 HTTP/1.1" 200
[90m2026-07-06 15:51:14,073[0m │ - │ uvicorn.access │ INFO │ 127.0.0.1:63195 - "GET /debts?page=1&size=20 HTTP/1.1" 200
[90m2026-07-06 15:51:14,270[0m │ - │ uvicorn.access │ INFO │ 127.0.0.1:63198 - "GET /health HTTP/1.1" 200
[90m2026-07-06 15:51:14,273[0m │ - │ uvicorn.access │ INFO │ 127.0.0.1:63199 - "GET /locations/meta HTTP/1.1" 200
[90m2026-07-06 15:51:14,276[0m │ - │ uvicorn.access │ INFO │ 127.0.0.1:63200 - "GET /locations/regions HTTP/1.1" 200
[90m2026-07-06 15:51:14,397[0m │ - │ uvicorn.access │ INFO │ 127.0.0.1:63201 - "GET /logs?page=1&size=20 HTTP/1.1" 200
[90m2026-07-06 15:51:14,503[0m │ - │ uvicorn.access │ INFO │ 127.0.0.1:63202 - "GET /planting/labor/unsettled-summary HTTP/1.1" 200
[90m2026-07-06 15:51:14,505[0m │ - │ uvicorn.access │ INFO │ 127.0.0.1:63203 - "GET /planting/operation-types HTTP/1.1" 200
[90m2026-07-06 15:51:14,671[0m │ - │ uvicorn.access │ INFO │ 127.0.0.1:63204 - "GET /planting/recent-operations?limit=20 HTTP/1.1" 200
[90m2026-07-06 15:51:14,898[0m │ - │ uvicorn.access │ INFO │ 127.0.0.1:63205 - "GET /planting/units HTTP/1.1" 200
[90m2026-07-06 15:51:15,074[0m │ - │ uvicorn.access │ INFO │ 127.0.0.1:63206 - "GET /planting/work-orders?page=1&size=20 HTTP/1.1" 200
[90m2026-07-06 15:51:15,163[0m │ - │ uvicorn.access │ INFO │ 127.0.0.1:63207 - "GET /planting/workers HTTP/1.1" 200
[90m2026-07-06 15:51:15,698[0m │ - │ uvicorn.access │ INFO │ 127.0.0.1:63208 - "GET /planting/workers/summary HTTP/1.1" 200
[90m2026-07-06 15:51:15,780[0m │ - │ uvicorn.access │ INFO │ 127.0.0.1:63209 - "GET /settings HTTP/1.1" 200
[90m2026-07-06 15:51:15,821[0m │ - │ app.simulation.test_runner │ INFO │ 加载 15 个测试用例
[90m2026-07-06 15:51:15,849[0m │ - │ uvicorn.access │ INFO │ 127.0.0.1:63210 - "GET /simulation/cases HTTP/1.1" 200
[90m2026-07-06 15:51:16,025[0m │ - │ uvicorn.access │ INFO │ 127.0.0.1:63211 - "GET /simulation/runs?limit=20 HTTP/1.1" 200
[90m2026-07-06 15:51:16,105[0m │ - │ uvicorn.access │ INFO │ 127.0.0.1:63212 - "GET /smart-fill/scenarios HTTP/1.1" 200
[90m2026-07-06 15:51:16,699[0m │ - │ uvicorn.access │ INFO │ 127.0.0.1:63213 - "GET /weather/forecast HTTP/1.1" 200
/Users/ljn/.pyenv/versions/3.11.5/lib/python3.11/site-packages/langchain/__init__.py:30: UserWarning: Importing verbose from langchain root module is no longer supported. Please use langchain.globals.set_verbose() / langchain.globals.get_verbose() instead.
  warnings.warn(
/Users/ljn/.pyenv/versions/3.11.5/lib/python3.11/site-packages/langchain/__init__.py:30: UserWarning: Importing debug from langchain root module is no longer supported. Please use langchain.globals.set_debug() / langchain.globals.get_debug() instead.
  warnings.warn(
/Users/ljn/.pyenv/versions/3.11.5/lib/python3.11/site-packages/langchain/__init__.py:30: UserWarning: Importing llm_cache from langchain root module is no longer supported. Please use langchain.globals.set_llm_cache() / langchain.globals.get_llm_cache() instead.
  warnings.warn(
[90m2026-07-06 16:00:24,039[0m │ - │ uvicorn.error │ INFO │ Started server process [78044]
[90m2026-07-06 16:00:24,039[0m │ - │ uvicorn.error │ INFO │ Waiting for application startup.
[90m2026-07-06 16:00:24,139[0m │ - │ alembic.runtime.plugins │ INFO │ setup plugin alembic.autogenerate.schemas
[90m2026-07-06 16:00:24,139[0m │ - │ alembic.runtime.plugins │ INFO │ setup plugin alembic.autogenerate.tables
[90m2026-07-06 16:00:24,139[0m │ - │ alembic.runtime.plugins │ INFO │ setup plugin alembic.autogenerate.types
[90m2026-07-06 16:00:24,139[0m │ - │ alembic.runtime.plugins │ INFO │ setup plugin alembic.autogenerate.constraints
[90m2026-07-06 16:00:24,139[0m │ - │ alembic.runtime.plugins │ INFO │ setup plugin alembic.autogenerate.defaults
[90m2026-07-06 16:00:24,139[0m │ - │ alembic.runtime.plugins │ INFO │ setup plugin alembic.autogenerate.comments
INFO  [alembic.runtime.migration] Context impl MySQLImpl.
INFO  [alembic.runtime.migration] Will assume non-transactional DDL.
[90m2026-07-06 16:00:24,589[0m │ - │ app.prompt.registry │ INFO │ Prompt 加载完成 | count=6
[90m2026-07-06 16:00:24,589[0m │ - │ app.bootstrap.lifespan │ INFO │ Prompt 模板已加载 | dir=/Users/ljn/Documents/demo/explore/backend/prompts
[90m2026-07-06 16:00:24,591[0m │ - │ app.prompt.composer │ INFO │ Snippet 加载完成 | count=10
[90m2026-07-06 16:00:24,594[0m │ - │ app.prompt.composer │ INFO │ Compositions 加载完成 | count=8
[90m2026-07-06 16:00:24,594[0m │ - │ app.bootstrap.lifespan │ INFO │ PromptComposer 初始化完成
[90m2026-07-06 16:00:24,602[0m │ - │ app.infra.mongo │ INFO │ MongoDB client 已初始化 | code=mongo_client_initialized uri=mongodb://root:***@43.155.217.74:27017/?authSource=admin database=farm_manager
[90m2026-07-06 16:00:24,603[0m │ - │ app.infra.trace_collector │ INFO │ TraceDAO 已初始化
[90m2026-07-06 16:00:24,603[0m │ - │ app.infra.trace_collector │ INFO │ Trace 后台 worker 已启动
[90m2026-07-06 16:00:24,669[0m │ - │ app.infra.trace_cleaner │ WARNING │ Trace TTL 跳过缺失的 MySQL 表 | code=trace_records_table_missing
[90m2026-07-06 16:00:24,697[0m │ - │ app.infra.trace_cleaner │ INFO │ TTL 清理完成 | trace_deleted=0 stats_deleted=0
[90m2026-07-06 16:00:31,065[0m │ - │ uvicorn.access │ INFO │ 127.0.0.1:64064 - "GET /logs?page=1&size=20 HTTP/1.1" 200
[90m2026-07-06 16:00:31,163[0m │ - │ uvicorn.access │ INFO │ 127.0.0.1:64069 - "GET /logs?page=1&size=20 HTTP/1.1" 200
[90m2026-07-06 16:00:31,762[0m │ - │ uvicorn.access │ INFO │ 127.0.0.1:64066 - "GET /cycles HTTP/1.1" 200
[90m2026-07-06 16:00:32,054[0m │ - │ uvicorn.access │ INFO │ 127.0.0.1:64075 - "GET /costs/summary/2026 HTTP/1.1" 200
[90m2026-07-06 16:00:32,149[0m │ - │ app.services.weather.alert_scraper │ WARNING │ 预警数据 JSON 解析失败
[90m2026-07-06 16:00:32,162[0m │ - │ uvicorn.access │ INFO │ 127.0.0.1:64071 - "GET /cycles HTTP/1.1" 200
[90m2026-07-06 16:00:32,179[0m │ - │ uvicorn.access │ INFO │ 127.0.0.1:64082 - "GET /costs/summary/2026 HTTP/1.1" 200
[90m2026-07-06 16:00:32,454[0m │ - │ uvicorn.access │ INFO │ 127.0.0.1:64076 - "GET /weather/forecast?days=7 HTTP/1.1" 200
[90m2026-07-06 16:00:32,574[0m │ - │ uvicorn.access │ INFO │ 127.0.0.1:64089 - "GET /weather/forecast?days=7 HTTP/1.1" 200
[90m2026-07-06 16:00:32,632[0m │ - │ uvicorn.access │ INFO │ 127.0.0.1:64086 - "GET /cycles HTTP/1.1" 200
[90m2026-07-06 16:00:32,994[0m │ - │ uvicorn.access │ INFO │ 127.0.0.1:64092 - "GET /cycles HTTP/1.1" 200
[90m2026-07-06 16:00:33,623[0m │ - │ uvicorn.access │ INFO │ 127.0.0.1:64097 - "GET /admin/users?page=1&size=20 HTTP/1.1" 200
[90m2026-07-06 16:00:33,798[0m │ - │ uvicorn.access │ INFO │ 127.0.0.1:64102 - "GET /admin/users?page=1&size=20 HTTP/1.1" 200
[90m2026-07-06 16:00:33,980[0m │ - │ uvicorn.access │ INFO │ 127.0.0.1:64099 - "GET /admin/users/quota-overview?page=1&size=20 HTTP/1.1" 200
[90m2026-07-06 16:00:34,494[0m │ - │ uvicorn.access │ INFO │ 127.0.0.1:64105 - "GET /admin/users/quota-overview?page=1&size=20 HTTP/1.1" 200
[90m2026-07-06 16:00:35,423[0m │ - │ uvicorn.access │ INFO │ 127.0.0.1:64109 - "GET /crops/templates/system HTTP/1.1" 200
[90m2026-07-06 16:00:35,627[0m │ - │ uvicorn.access │ INFO │ 127.0.0.1:64112 - "GET /crops/templates/system HTTP/1.1" 200
[90m2026-07-06 16:00:37,066[0m │ - │ uvicorn.access │ INFO │ 127.0.0.1:64115 - "GET /cycles?page=1&size=100 HTTP/1.1" 200
[90m2026-07-06 16:00:37,483[0m │ - │ uvicorn.access │ INFO │ 127.0.0.1:64118 - "GET /cycles?page=1&size=100 HTTP/1.1" 200
[90m2026-07-06 16:00:37,825[0m │ - │ uvicorn.access │ INFO │ 127.0.0.1:64121 - "GET /crops/templates?page=1&size=20 HTTP/1.1" 200
[90m2026-07-06 16:00:38,051[0m │ - │ uvicorn.access │ INFO │ 127.0.0.1:64124 - "GET /crops/templates?page=1&size=20 HTTP/1.1" 200
[90m2026-07-06 16:00:39,249[0m │ - │ uvicorn.access │ INFO │ 127.0.0.1:64130 - "GET /crops/templates HTTP/1.1" 200
[90m2026-07-06 16:00:39,365[0m │ - │ uvicorn.access │ INFO │ 127.0.0.1:64128 - "GET /cycles?page=1&size=20 HTTP/1.1" 200
[90m2026-07-06 16:00:39,583[0m │ - │ uvicorn.access │ INFO │ 127.0.0.1:64133 - "GET /crops/templates HTTP/1.1" 200
[90m2026-07-06 16:00:39,788[0m │ - │ uvicorn.access │ INFO │ 127.0.0.1:64137 - "GET /cycles?page=1&size=20 HTTP/1.1" 200
[90m2026-07-06 16:00:40,150[0m │ - │ uvicorn.access │ INFO │ 127.0.0.1:64143 - "GET /costs?page=1&size=20 HTTP/1.1" 200
[90m2026-07-06 16:00:40,273[0m │ - │ uvicorn.access │ INFO │ 127.0.0.1:64146 - "GET /costs?page=1&size=20 HTTP/1.1" 200
[90m2026-07-06 16:00:40,521[0m │ - │ uvicorn.access │ INFO │ 127.0.0.1:64142 - "GET /cycles HTTP/1.1" 200
[90m2026-07-06 16:00:40,616[0m │ - │ uvicorn.access │ INFO │ 127.0.0.1:64152 - "GET /costs/summary/2026 HTTP/1.1" 200
[90m2026-07-06 16:00:40,857[0m │ - │ uvicorn.access │ INFO │ 127.0.0.1:64149 - "GET /cycles HTTP/1.1" 200
[90m2026-07-06 16:00:40,958[0m │ - │ uvicorn.access │ INFO │ 127.0.0.1:64156 - "GET /costs/summary/2026 HTTP/1.1" 200
[90m2026-07-06 16:00:41,613[0m │ - │ uvicorn.access │ INFO │ 127.0.0.1:64163 - "GET /logs?page=1&size=20 HTTP/1.1" 200
[90m2026-07-06 16:00:41,794[0m │ - │ uvicorn.access │ INFO │ 127.0.0.1:64167 - "GET /logs?page=1&size=20 HTTP/1.1" 200
[90m2026-07-06 16:00:41,960[0m │ - │ uvicorn.access │ INFO │ 127.0.0.1:64164 - "GET /cycles HTTP/1.1" 200
[90m2026-07-06 16:00:42,319[0m │ - │ uvicorn.access │ INFO │ 127.0.0.1:64170 - "GET /cycles HTTP/1.1" 200
[90m2026-07-06 16:00:42,427[0m │ - │ uvicorn.access │ INFO │ 127.0.0.1:64157 - "GET /health HTTP/1.1" 200
[90m2026-07-06 16:00:42,791[0m │ 1dce9164 │ app.services.conversation_service │ INFO │ 创建新会话 | farm=8 session=codex-stream-smoke-20260706
[90m2026-07-06 16:00:42,868[0m │ 1dce9164 │ app.infra.repository_runtime │ WARNING │ MySQL 文档表不存在，强制切换 Mongo 仓储 | code=document_table_missing_use_mongo object=conversation_messages table=conversation_messages configured=mysql
[90m2026-07-06 16:00:42,871[0m │ - │ uvicorn.access │ INFO │ 127.0.0.1:64173 - "POST /agent/chat/stream HTTP/1.1" 200
/Users/ljn/Documents/demo/explore/backend/app/services/conversation_service.py:145: SAWarning: Object of type <ConversationMessage> not in session, add operation along 'Conversation.messages' will not proceed
  db.commit()
[90m2026-07-06 16:00:43,063[0m │ - │ app.bootstrap.exceptions │ ERROR │ 未捕获异常 | path=/agent/chat/stream
Traceback (most recent call last):
  File "/Users/ljn/.pyenv/versions/3.11.5/lib/python3.11/site-packages/sqlalchemy/engine/base.py", line 1967, in _exec_single_context
    self.dialect.do_execute(
  File "/Users/ljn/.pyenv/versions/3.11.5/lib/python3.11/site-packages/sqlalchemy/engine/default.py", line 941, in do_execute
    cursor.execute(statement, parameters)
  File "/Users/ljn/.pyenv/versions/3.11.5/lib/python3.11/site-packages/pymysql/cursors.py", line 153, in execute
    result = self._query(query)
             ^^^^^^^^^^^^^^^^^^
  File "/Users/ljn/.pyenv/versions/3.11.5/lib/python3.11/site-packages/pymysql/cursors.py", line 322, in _query
    conn.query(q)
  File "/Users/ljn/.pyenv/versions/3.11.5/lib/python3.11/site-packages/pymysql/connections.py", line 575, in query
    self._affected_rows = self._read_query_result(unbuffered=unbuffered)
                          ^^^^^^^^^^^^^^^^^^^^^^^^^^^^^^^^^^^^^^^^^^^^^^
  File "/Users/ljn/.pyenv/versions/3.11.5/lib/python3.11/site-packages/pymysql/connections.py", line 826, in _read_query_result
    result.read()
  File "/Users/ljn/.pyenv/versions/3.11.5/lib/python3.11/site-packages/pymysql/connections.py", line 1203, in read
    first_packet = self.connection._read_packet()
                   ^^^^^^^^^^^^^^^^^^^^^^^^^^^^^^
  File "/Users/ljn/.pyenv/versions/3.11.5/lib/python3.11/site-packages/pymysql/connections.py", line 782, in _read_packet
    packet.raise_for_error()
  File "/Users/ljn/.pyenv/versions/3.11.5/lib/python3.11/site-packages/pymysql/protocol.py", line 219, in raise_for_error
    err.raise_mysql_exception(self._data)
  File "/Users/ljn/.pyenv/versions/3.11.5/lib/python3.11/site-packages/pymysql/err.py", line 150, in raise_mysql_exception
    raise errorclass(errno, errval)
pymysql.err.DataError: (1264, "Out of range value for column 'user_message_id' at row 1")

The above exception was the direct cause of the following exception:

Traceback (most recent call last):
  File "/Users/ljn/.pyenv/versions/3.11.5/lib/python3.11/site-packages/starlette/middleware/errors.py", line 165, in __call__
    await self.app(scope, receive, _send)
  File "/Users/ljn/.pyenv/versions/3.11.5/lib/python3.11/site-packages/starlette/middleware/base.py", line 185, in __call__
    with collapse_excgroups():
  File "/Users/ljn/.pyenv/versions/3.11.5/lib/python3.11/contextlib.py", line 155, in __exit__
    self.gen.throw(typ, value, traceback)
  File "/Users/ljn/.pyenv/versions/3.11.5/lib/python3.11/site-packages/starlette/_utils.py", line 83, in collapse_excgroups
    raise exc
  File "/Users/ljn/.pyenv/versions/3.11.5/lib/python3.11/site-packages/starlette/middleware/base.py", line 188, in __call__
    await response(scope, wrapped_receive, send)
  File "/Users/ljn/.pyenv/versions/3.11.5/lib/python3.11/site-packages/starlette/middleware/base.py", line 222, in __call__
    async for chunk in self.body_iterator:
  File "/Users/ljn/.pyenv/versions/3.11.5/lib/python3.11/site-packages/starlette/middleware/base.py", line 179, in body_stream
    raise app_exc
  File "/Users/ljn/.pyenv/versions/3.11.5/lib/python3.11/site-packages/starlette/middleware/base.py", line 149, in coro
    await self.app(scope, receive_or_disconnect, send_no_error)
  File "/Users/ljn/.pyenv/versions/3.11.5/lib/python3.11/site-packages/starlette/middleware/base.py", line 185, in __call__
    with collapse_excgroups():
  File "/Users/ljn/.pyenv/versions/3.11.5/lib/python3.11/contextlib.py", line 155, in __exit__
    self.gen.throw(typ, value, traceback)
  File "/Users/ljn/.pyenv/versions/3.11.5/lib/python3.11/site-packages/starlette/_utils.py", line 83, in collapse_excgroups
    raise exc
  File "/Users/ljn/.pyenv/versions/3.11.5/lib/python3.11/site-packages/starlette/responses.py", line 253, in wrap
    await func()
  File "/Users/ljn/.pyenv/versions/3.11.5/lib/python3.11/site-packages/starlette/responses.py", line 242, in stream_response
    async for chunk in self.body_iterator:
  File "/Users/ljn/Documents/demo/explore/backend/app/agent/application/chat_use_case.py", line 226, in stream_chat_events
    started_turn = await _stream_start_turn(
                   ^^^^^^^^^^^^^^^^^^^^^^^^^
  File "/Users/ljn/Documents/demo/explore/backend/app/agent/application/chat_use_case.py", line 357, in _stream_start_turn
    return await recorder.async_start_turn(db, **kwargs)
           ^^^^^^^^^^^^^^^^^^^^^^^^^^^^^^^^^^^^^^^^^^^^^
  File "/Users/ljn/Documents/demo/explore/backend/app/agent/application/session_flywheel.py", line 146, in async_start_turn
    turn = create_turn(
           ^^^^^^^^^^^^
  File "/Users/ljn/Documents/demo/explore/backend/app/services/agent_turn_service.py", line 45, in create_turn
    db.commit()
  File "/Users/ljn/.pyenv/versions/3.11.5/lib/python3.11/site-packages/sqlalchemy/orm/session.py", line 2028, in commit
    trans.commit(_to_root=True)
  File "<string>", line 2, in commit
  File "/Users/ljn/.pyenv/versions/3.11.5/lib/python3.11/site-packages/sqlalchemy/orm/state_changes.py", line 139, in _go
    ret_value = fn(self, *arg, **kw)
                ^^^^^^^^^^^^^^^^^^^^
  File "/Users/ljn/.pyenv/versions/3.11.5/lib/python3.11/site-packages/sqlalchemy/orm/session.py", line 1313, in commit
    self._prepare_impl()
  File "<string>", line 2, in _prepare_impl
  File "/Users/ljn/.pyenv/versions/3.11.5/lib/python3.11/site-packages/sqlalchemy/orm/state_changes.py", line 139, in _go
    ret_value = fn(self, *arg, **kw)
                ^^^^^^^^^^^^^^^^^^^^
  File "/Users/ljn/.pyenv/versions/3.11.5/lib/python3.11/site-packages/sqlalchemy/orm/session.py", line 1288, in _prepare_impl
    self.session.flush()
  File "/Users/ljn/.pyenv/versions/3.11.5/lib/python3.11/site-packages/sqlalchemy/orm/session.py", line 4352, in flush
    self._flush(objects)
  File "/Users/ljn/.pyenv/versions/3.11.5/lib/python3.11/site-packages/sqlalchemy/orm/session.py", line 4487, in _flush
    with util.safe_reraise():
  File "/Users/ljn/.pyenv/versions/3.11.5/lib/python3.11/site-packages/sqlalchemy/util/langhelpers.py", line 146, in __exit__
    raise exc_value.with_traceback(exc_tb)
  File "/Users/ljn/.pyenv/versions/3.11.5/lib/python3.11/site-packages/sqlalchemy/orm/session.py", line 4448, in _flush
    flush_context.execute()
  File "/Users/ljn/.pyenv/versions/3.11.5/lib/python3.11/site-packages/sqlalchemy/orm/unitofwork.py", line 466, in execute
    rec.execute(self)
  File "/Users/ljn/.pyenv/versions/3.11.5/lib/python3.11/site-packages/sqlalchemy/orm/unitofwork.py", line 642, in execute
    util.preloaded.orm_persistence.save_obj(
  File "/Users/ljn/.pyenv/versions/3.11.5/lib/python3.11/site-packages/sqlalchemy/orm/persistence.py", line 93, in save_obj
    _emit_insert_statements(
  File "/Users/ljn/.pyenv/versions/3.11.5/lib/python3.11/site-packages/sqlalchemy/orm/persistence.py", line 1233, in _emit_insert_statements
    result = connection.execute(
             ^^^^^^^^^^^^^^^^^^^
  File "/Users/ljn/.pyenv/versions/3.11.5/lib/python3.11/site-packages/sqlalchemy/engine/base.py", line 1418, in execute
    return meth(
           ^^^^^
  File "/Users/ljn/.pyenv/versions/3.11.5/lib/python3.11/site-packages/sqlalchemy/sql/elements.py", line 515, in _execute_on_connection
    return connection._execute_clauseelement(
           ^^^^^^^^^^^^^^^^^^^^^^^^^^^^^^^^^^
  File "/Users/ljn/.pyenv/versions/3.11.5/lib/python3.11/site-packages/sqlalchemy/engine/base.py", line 1640, in _execute_clauseelement
    ret = self._execute_context(
          ^^^^^^^^^^^^^^^^^^^^^^
  File "/Users/ljn/.pyenv/versions/3.11.5/lib/python3.11/site-packages/sqlalchemy/engine/base.py", line 1846, in _execute_context
    return self._exec_single_context(
           ^^^^^^^^^^^^^^^^^^^^^^^^^^
  File "/Users/ljn/.pyenv/versions/3.11.5/lib/python3.11/site-packages/sqlalchemy/engine/base.py", line 1986, in _exec_single_context
    self._handle_dbapi_exception(
  File "/Users/ljn/.pyenv/versions/3.11.5/lib/python3.11/site-packages/sqlalchemy/engine/base.py", line 2355, in _handle_dbapi_exception
    raise sqlalchemy_exception.with_traceback(exc_info[2]) from e
  File "/Users/ljn/.pyenv/versions/3.11.5/lib/python3.11/site-packages/sqlalchemy/engine/base.py", line 1967, in _exec_single_context
    self.dialect.do_execute(
  File "/Users/ljn/.pyenv/versions/3.11.5/lib/python3.11/site-packages/sqlalchemy/engine/default.py", line 941, in do_execute
    cursor.execute(statement, parameters)
  File "/Users/ljn/.pyenv/versions/3.11.5/lib/python3.11/site-packages/pymysql/cursors.py", line 153, in execute
    result = self._query(query)
             ^^^^^^^^^^^^^^^^^^
  File "/Users/ljn/.pyenv/versions/3.11.5/lib/python3.11/site-packages/pymysql/cursors.py", line 322, in _query
    conn.query(q)
  File "/Users/ljn/.pyenv/versions/3.11.5/lib/python3.11/site-packages/pymysql/connections.py", line 575, in query
    self._affected_rows = self._read_query_result(unbuffered=unbuffered)
                          ^^^^^^^^^^^^^^^^^^^^^^^^^^^^^^^^^^^^^^^^^^^^^^
  File "/Users/ljn/.pyenv/versions/3.11.5/lib/python3.11/site-packages/pymysql/connections.py", line 826, in _read_query_result
    result.read()
  File "/Users/ljn/.pyenv/versions/3.11.5/lib/python3.11/site-packages/pymysql/connections.py", line 1203, in read
    first_packet = self.connection._read_packet()
                   ^^^^^^^^^^^^^^^^^^^^^^^^^^^^^^
  File "/Users/ljn/.pyenv/versions/3.11.5/lib/python3.11/site-packages/pymysql/connections.py", line 782, in _read_packet
    packet.raise_for_error()
  File "/Users/ljn/.pyenv/versions/3.11.5/lib/python3.11/site-packages/pymysql/protocol.py", line 219, in raise_for_error
    err.raise_mysql_exception(self._data)
  File "/Users/ljn/.pyenv/versions/3.11.5/lib/python3.11/site-packages/pymysql/err.py", line 150, in raise_mysql_exception
    raise errorclass(errno, errval)
sqlalchemy.exc.DataError: (pymysql.err.DataError) (1264, "Out of range value for column 'user_message_id' at row 1")
[SQL: INSERT INTO agent_turns (farm_id, session_id, conversation_id, request_id, user_message_id, assistant_message_id, input_preview, reply_preview, intent_count, selected_tools_count, tool_calls_count, token_total, latency_ms, status, pending_plan_id, event_file, event_seq_start, event_seq_end, event_write_status, rule_score, rule_hits, risk_score, risk_dominant_signal, risk_severity, judge_bad_prob, judge_issue_type, judge_suggested_label, created_at) VALUES (%(farm_id)s, %(session_id)s, %(conversation_id)s, %(request_id)s, %(user_message_id)s, %(assistant_message_id)s, %(input_preview)s, %(reply_preview)s, %(intent_count)s, %(selected_tools_count)s, %(tool_calls_count)s, %(token_total)s, %(latency_ms)s, %(status)s, %(pending_plan_id)s, %(event_file)s, %(event_seq_start)s, %(event_seq_end)s, %(event_write_status)s, %(rule_score)s, %(rule_hits)s, %(risk_score)s, %(risk_dominant_signal)s, %(risk_severity)s, %(judge_bad_prob)s, %(judge_issue_type)s, %(judge_suggested_label)s, %(created_at)s)]
[parameters: {'farm_id': 8, 'session_id': 'codex-stream-smoke-20260706', 'conversation_id': 187, 'request_id': '1dce9164', 'user_message_id': 1783324842869965000, 'assistant_message_id': None, 'input_preview': '你好，请用一句话回复', 'reply_preview': None, 'intent_count': None, 'selected_tools_count': None, 'tool_calls_count': None, 'token_total': None, 'latency_ms': None, 'status': 'running', 'pending_plan_id': None, 'event_file': None, 'event_seq_start': None, 'event_seq_end': None, 'event_write_status': 'not_started', 'rule_score': 0.0, 'rule_hits': '[]', 'risk_score': 0.0, 'risk_dominant_signal': None, 'risk_severity': None, 'judge_bad_prob': None, 'judge_issue_type': None, 'judge_suggested_label': None, 'created_at': datetime.datetime(2026, 7, 6, 16, 0, 43, 31038)}]
(Background on this error at: https://sqlalche.me/e/20/9h9h)
[90m2026-07-06 16:00:44,015[0m │ - │ uvicorn.access │ INFO │ 127.0.0.1:64178 - "GET /weather/forecast?days=7 HTTP/1.1" 200
[90m2026-07-06 16:00:44,118[0m │ - │ uvicorn.access │ INFO │ 127.0.0.1:64181 - "GET /weather/forecast?days=7 HTTP/1.1" 200
[90m2026-07-06 16:00:52,681[0m │ - │ uvicorn.access │ INFO │ 127.0.0.1:64185 - "GET /cycles HTTP/1.1" 200
[90m2026-07-06 16:00:53,060[0m │ - │ uvicorn.access │ INFO │ 127.0.0.1:64188 - "GET /cycles HTTP/1.1" 200
[90m2026-07-06 16:00:55,079[0m │ 8aa154fc │ app.agent.application.advice_use_case │ INFO │ [8aa154fc] GET /agent/daily | cycle_id=None
[90m2026-07-06 16:00:56,313[0m │ 8aa154fc │ app.infra.repository_runtime │ WARNING │ MySQL 文档表不存在，强制切换 Mongo 仓储 | code=document_table_missing_use_mongo object=agent_records table=agent_records configured=mysql
[90m2026-07-06 16:00:56,402[0m │ 8aa154fc │ app.core.llm_client_manager │ INFO │ LLMClientManager 初始化 | providers=4 | models=14
[90m2026-07-06 16:00:56,404[0m │ - │ app.core.llm_config_watcher │ INFO │ providers.json 文件监听已启动 | path=/Users/ljn/Documents/demo/explore/backend/providers.json
[90m2026-07-06 16:00:56,528[0m │ 8aa154fc │ app.agent.llm │ INFO │ LLM 请求模型选择 | provider=siliconflow | model=Qwen/Qwen3.5-35B-A3B | role=generation | api_key_slot=1/1 | circuit_key=siliconflow/Qwen/Qwen3.5-35B-A3B | base_url=https://api.siliconflow.cn/v1
[90m2026-07-06 16:03:07,806[0m │ - │ app.bootstrap.exceptions │ ERROR │ 未捕获异常 | path=/agent/daily
Traceback (most recent call last):
  File "/Users/ljn/.pyenv/versions/3.11.5/lib/python3.11/site-packages/httpx/_transports/default.py", line 69, in map_httpcore_exceptions
    yield
  File "/Users/ljn/.pyenv/versions/3.11.5/lib/python3.11/site-packages/httpx/_transports/default.py", line 373, in handle_async_request
    resp = await self._pool.handle_async_request(req)
           ^^^^^^^^^^^^^^^^^^^^^^^^^^^^^^^^^^^^^^^^^^
  File "/Users/ljn/.pyenv/versions/3.11.5/lib/python3.11/site-packages/httpcore/_async/connection_pool.py", line 256, in handle_async_request
    raise exc from None
  File "/Users/ljn/.pyenv/versions/3.11.5/lib/python3.11/site-packages/httpcore/_async/connection_pool.py", line 236, in handle_async_request
    response = await connection.handle_async_request(
               ^^^^^^^^^^^^^^^^^^^^^^^^^^^^^^^^^^^^^^
  File "/Users/ljn/.pyenv/versions/3.11.5/lib/python3.11/site-packages/httpcore/_async/connection.py", line 103, in handle_async_request
    return await self._connection.handle_async_request(request)
           ^^^^^^^^^^^^^^^^^^^^^^^^^^^^^^^^^^^^^^^^^^^^^^^^^^^^
  File "/Users/ljn/.pyenv/versions/3.11.5/lib/python3.11/site-packages/httpcore/_async/http11.py", line 136, in handle_async_request
    raise exc
  File "/Users/ljn/.pyenv/versions/3.11.5/lib/python3.11/site-packages/httpcore/_async/http11.py", line 106, in handle_async_request
    ) = await self._receive_response_headers(**kwargs)
        ^^^^^^^^^^^^^^^^^^^^^^^^^^^^^^^^^^^^^^^^^^^^^^
  File "/Users/ljn/.pyenv/versions/3.11.5/lib/python3.11/site-packages/httpcore/_async/http11.py", line 177, in _receive_response_headers
    event = await self._receive_event(timeout=timeout)
            ^^^^^^^^^^^^^^^^^^^^^^^^^^^^^^^^^^^^^^^^^^
  File "/Users/ljn/.pyenv/versions/3.11.5/lib/python3.11/site-packages/httpcore/_async/http11.py", line 217, in _receive_event
    data = await self._network_stream.read(
           ^^^^^^^^^^^^^^^^^^^^^^^^^^^^^^^^
  File "/Users/ljn/.pyenv/versions/3.11.5/lib/python3.11/site-packages/httpcore/_backends/anyio.py", line 32, in read
    with map_exceptions(exc_map):
  File "/Users/ljn/.pyenv/versions/3.11.5/lib/python3.11/contextlib.py", line 155, in __exit__
    self.gen.throw(typ, value, traceback)
  File "/Users/ljn/.pyenv/versions/3.11.5/lib/python3.11/site-packages/httpcore/_exceptions.py", line 14, in map_exceptions
    raise to_exc(exc) from exc
httpcore.ReadTimeout

The above exception was the direct cause of the following exception:

Traceback (most recent call last):
  File "/Users/ljn/.pyenv/versions/3.11.5/lib/python3.11/site-packages/openai/_base_client.py", line 1529, in request
    response = await self._client.send(
               ^^^^^^^^^^^^^^^^^^^^^^^^
  File "/Users/ljn/.pyenv/versions/3.11.5/lib/python3.11/site-packages/httpx/_client.py", line 1661, in send
    response = await self._send_handling_auth(
               ^^^^^^^^^^^^^^^^^^^^^^^^^^^^^^^
  File "/Users/ljn/.pyenv/versions/3.11.5/lib/python3.11/site-packages/httpx/_client.py", line 1689, in _send_handling_auth
    response = await self._send_handling_redirects(
               ^^^^^^^^^^^^^^^^^^^^^^^^^^^^^^^^^^^^
  File "/Users/ljn/.pyenv/versions/3.11.5/lib/python3.11/site-packages/httpx/_client.py", line 1726, in _send_handling_redirects
    response = await self._send_single_request(request)
               ^^^^^^^^^^^^^^^^^^^^^^^^^^^^^^^^^^^^^^^^
  File "/Users/ljn/.pyenv/versions/3.11.5/lib/python3.11/site-packages/httpx/_client.py", line 1763, in _send_single_request
    response = await transport.handle_async_request(request)
               ^^^^^^^^^^^^^^^^^^^^^^^^^^^^^^^^^^^^^^^^^^^^^
  File "/Users/ljn/.pyenv/versions/3.11.5/lib/python3.11/site-packages/httpx/_transports/default.py", line 372, in handle_async_request
    with map_httpcore_exceptions():
  File "/Users/ljn/.pyenv/versions/3.11.5/lib/python3.11/contextlib.py", line 155, in __exit__
    self.gen.throw(typ, value, traceback)
  File "/Users/ljn/.pyenv/versions/3.11.5/lib/python3.11/site-packages/httpx/_transports/default.py", line 86, in map_httpcore_exceptions
    raise mapped_exc(message) from exc
httpx.ReadTimeout

The above exception was the direct cause of the following exception:

Traceback (most recent call last):
  File "/Users/ljn/.pyenv/versions/3.11.5/lib/python3.11/site-packages/starlette/middleware/errors.py", line 165, in __call__
    await self.app(scope, receive, _send)
  File "/Users/ljn/.pyenv/versions/3.11.5/lib/python3.11/site-packages/starlette/middleware/base.py", line 185, in __call__
    with collapse_excgroups():
  File "/Users/ljn/.pyenv/versions/3.11.5/lib/python3.11/contextlib.py", line 155, in __exit__
    self.gen.throw(typ, value, traceback)
  File "/Users/ljn/.pyenv/versions/3.11.5/lib/python3.11/site-packages/starlette/_utils.py", line 83, in collapse_excgroups
    raise exc
  File "/Users/ljn/.pyenv/versions/3.11.5/lib/python3.11/site-packages/starlette/middleware/base.py", line 187, in __call__
    response = await self.dispatch_func(request, call_next)
               ^^^^^^^^^^^^^^^^^^^^^^^^^^^^^^^^^^^^^^^^^^^^
  File "/Users/ljn/Documents/demo/explore/backend/app/bootstrap/middleware.py", line 51, in date_injection_middleware
    return await call_next(request)
           ^^^^^^^^^^^^^^^^^^^^^^^^
  File "/Users/ljn/.pyenv/versions/3.11.5/lib/python3.11/site-packages/starlette/middleware/base.py", line 163, in call_next
    raise app_exc
  File "/Users/ljn/.pyenv/versions/3.11.5/lib/python3.11/site-packages/starlette/middleware/base.py", line 149, in coro
    await self.app(scope, receive_or_disconnect, send_no_error)
  File "/Users/ljn/.pyenv/versions/3.11.5/lib/python3.11/site-packages/starlette/middleware/base.py", line 185, in __call__
    with collapse_excgroups():
  File "/Users/ljn/.pyenv/versions/3.11.5/lib/python3.11/contextlib.py", line 155, in __exit__
    self.gen.throw(typ, value, traceback)
  File "/Users/ljn/.pyenv/versions/3.11.5/lib/python3.11/site-packages/starlette/_utils.py", line 83, in collapse_excgroups
    raise exc
  File "/Users/ljn/.pyenv/versions/3.11.5/lib/python3.11/site-packages/starlette/middleware/base.py", line 187, in __call__
    response = await self.dispatch_func(request, call_next)
               ^^^^^^^^^^^^^^^^^^^^^^^^^^^^^^^^^^^^^^^^^^^^
  File "/Users/ljn/.pyenv/versions/3.11.5/lib/python3.11/site-packages/slowapi/middleware.py", line 128, in dispatch
    return await call_next(request)
           ^^^^^^^^^^^^^^^^^^^^^^^^
  File "/Users/ljn/.pyenv/versions/3.11.5/lib/python3.11/site-packages/starlette/middleware/base.py", line 163, in call_next
    raise app_exc
  File "/Users/ljn/.pyenv/versions/3.11.5/lib/python3.11/site-packages/starlette/middleware/base.py", line 149, in coro
    await self.app(scope, receive_or_disconnect, send_no_error)
  File "/Users/ljn/.pyenv/versions/3.11.5/lib/python3.11/site-packages/starlette/middleware/cors.py", line 85, in __call__
    await self.app(scope, receive, send)
  File "/Users/ljn/.pyenv/versions/3.11.5/lib/python3.11/site-packages/starlette/middleware/exceptions.py", line 62, in __call__
    await wrap_app_handling_exceptions(self.app, conn)(scope, receive, send)
  File "/Users/ljn/.pyenv/versions/3.11.5/lib/python3.11/site-packages/starlette/_exception_handler.py", line 62, in wrapped_app
    raise exc
  File "/Users/ljn/.pyenv/versions/3.11.5/lib/python3.11/site-packages/starlette/_exception_handler.py", line 51, in wrapped_app
    await app(scope, receive, sender)
  File "/Users/ljn/.pyenv/versions/3.11.5/lib/python3.11/site-packages/starlette/routing.py", line 715, in __call__
    await self.middleware_stack(scope, receive, send)
  File "/Users/ljn/.pyenv/versions/3.11.5/lib/python3.11/site-packages/starlette/routing.py", line 735, in app
    await route.handle(scope, receive, send)
  File "/Users/ljn/.pyenv/versions/3.11.5/lib/python3.11/site-packages/starlette/routing.py", line 288, in handle
    await self.app(scope, receive, send)
  File "/Users/ljn/.pyenv/versions/3.11.5/lib/python3.11/site-packages/starlette/routing.py", line 76, in app
    await wrap_app_handling_exceptions(app, request)(scope, receive, send)
  File "/Users/ljn/.pyenv/versions/3.11.5/lib/python3.11/site-packages/starlette/_exception_handler.py", line 62, in wrapped_app
    raise exc
  File "/Users/ljn/.pyenv/versions/3.11.5/lib/python3.11/site-packages/starlette/_exception_handler.py", line 51, in wrapped_app
    await app(scope, receive, sender)
  File "/Users/ljn/.pyenv/versions/3.11.5/lib/python3.11/site-packages/starlette/routing.py", line 73, in app
    response = await f(request)
               ^^^^^^^^^^^^^^^^
  File "/Users/ljn/.pyenv/versions/3.11.5/lib/python3.11/site-packages/fastapi/routing.py", line 301, in app
    raw_response = await run_endpoint_function(
                   ^^^^^^^^^^^^^^^^^^^^^^^^^^^^
  File "/Users/ljn/.pyenv/versions/3.11.5/lib/python3.11/site-packages/fastapi/routing.py", line 212, in run_endpoint_function
    return await dependant.call(**values)
           ^^^^^^^^^^^^^^^^^^^^^^^^^^^^^^
  File "/Users/ljn/.pyenv/versions/3.11.5/lib/python3.11/site-packages/slowapi/extension.py", line 734, in async_wrapper
    response = await func(*args, **kwargs)  # type: ignore
               ^^^^^^^^^^^^^^^^^^^^^^^^^^^
  File "/Users/ljn/Documents/demo/explore/backend/app/api/agent.py", line 174, in daily_advice
    return await get_daily(db, farm, cycle_id)
           ^^^^^^^^^^^^^^^^^^^^^^^^^^^^^^^^^^^
  File "/Users/ljn/Documents/demo/explore/backend/app/agent/application/advice_use_case.py", line 28, in get_daily
    result = await _run_service_in_worker(
             ^^^^^^^^^^^^^^^^^^^^^^^^^^^^^
  File "/Users/ljn/Documents/demo/explore/backend/app/agent/application/advice_use_case.py", line 83, in _run_service_in_worker
    return await asyncio.to_thread(lambda: asyncio.run(coro))
           ^^^^^^^^^^^^^^^^^^^^^^^^^^^^^^^^^^^^^^^^^^^^^^^^^^
  File "/Users/ljn/.pyenv/versions/3.11.5/lib/python3.11/asyncio/threads.py", line 25, in to_thread
    return await loop.run_in_executor(None, func_call)
           ^^^^^^^^^^^^^^^^^^^^^^^^^^^^^^^^^^^^^^^^^^^
  File "/Users/ljn/.pyenv/versions/3.11.5/lib/python3.11/concurrent/futures/thread.py", line 58, in run
    result = self.fn(*self.args, **self.kwargs)
             ^^^^^^^^^^^^^^^^^^^^^^^^^^^^^^^^^^
  File "/Users/ljn/Documents/demo/explore/backend/app/agent/application/advice_use_case.py", line 83, in <lambda>
    return await asyncio.to_thread(lambda: asyncio.run(coro))
                                           ^^^^^^^^^^^^^^^^^
  File "/Users/ljn/.pyenv/versions/3.11.5/lib/python3.11/asyncio/runners.py", line 190, in run
    return runner.run(main)
           ^^^^^^^^^^^^^^^^
  File "/Users/ljn/.pyenv/versions/3.11.5/lib/python3.11/asyncio/runners.py", line 118, in run
    return self._loop.run_until_complete(task)
           ^^^^^^^^^^^^^^^^^^^^^^^^^^^^^^^^^^^
  File "uvloop/loop.pyx", line 1518, in uvloop.loop.Loop.run_until_complete
  File "/Users/ljn/Documents/demo/explore/backend/app/services/agent_service.py", line 147, in get_daily_advice
    return await generate_daily_advice(
           ^^^^^^^^^^^^^^^^^^^^^^^^^^^^
  File "/Users/ljn/Documents/demo/explore/backend/app/services/daily_advice_generation.py", line 88, in generate_daily_advice
    response, meta = await _run_generation_attempts(
                     ^^^^^^^^^^^^^^^^^^^^^^^^^^^^^^^
  File "/Users/ljn/Documents/demo/explore/backend/app/services/daily_advice_generation.py", line 182, in _run_generation_attempts
    raw = await invoke_advisor(
          ^^^^^^^^^^^^^^^^^^^^^
  File "/Users/ljn/Documents/demo/explore/backend/app/services/agent_service.py", line 166, in invoke_daily_advice_llm
    return await invoke_advisor(
           ^^^^^^^^^^^^^^^^^^^^^
  File "/Users/ljn/Documents/demo/explore/backend/app/agent/advisor.py", line 127, in invoke_advisor
    return await _invoke_direct_daily_advice_llm(user_input)
           ^^^^^^^^^^^^^^^^^^^^^^^^^^^^^^^^^^^^^^^^^^^^^^^^^
  File "/Users/ljn/Documents/demo/explore/backend/app/agent/advisor.py", line 191, in _invoke_direct_daily_advice_llm
    response = await llm.ainvoke([HumanMessage(content=prompt)])
               ^^^^^^^^^^^^^^^^^^^^^^^^^^^^^^^^^^^^^^^^^^^^^^^^^
  File "/Users/ljn/.pyenv/versions/3.11.5/lib/python3.11/site-packages/langchain_core/language_models/chat_models.py", line 394, in ainvoke
    llm_result = await self.agenerate_prompt(
                 ^^^^^^^^^^^^^^^^^^^^^^^^^^^^
  File "/Users/ljn/.pyenv/versions/3.11.5/lib/python3.11/site-packages/langchain_core/language_models/chat_models.py", line 968, in agenerate_prompt
    return await self.agenerate(
           ^^^^^^^^^^^^^^^^^^^^^
  File "/Users/ljn/.pyenv/versions/3.11.5/lib/python3.11/site-packages/langchain_core/language_models/chat_models.py", line 926, in agenerate
    raise exceptions[0]
  File "/Users/ljn/.pyenv/versions/3.11.5/lib/python3.11/site-packages/langchain_core/language_models/chat_models.py", line 1094, in _agenerate_with_cache
    result = await self._agenerate(
             ^^^^^^^^^^^^^^^^^^^^^^
  File "/Users/ljn/.pyenv/versions/3.11.5/lib/python3.11/site-packages/langchain_openai/chat_models/base.py", line 1193, in _agenerate
    response = await self.async_client.create(**payload)
               ^^^^^^^^^^^^^^^^^^^^^^^^^^^^^^^^^^^^^^^^^
  File "/Users/ljn/.pyenv/versions/3.11.5/lib/python3.11/site-packages/openai/resources/chat/completions/completions.py", line 2585, in create
    return await self._post(
           ^^^^^^^^^^^^^^^^^
  File "/Users/ljn/.pyenv/versions/3.11.5/lib/python3.11/site-packages/openai/_base_client.py", line 1794, in post
    return await self.request(cast_to, opts, stream=stream, stream_cls=stream_cls)
           ^^^^^^^^^^^^^^^^^^^^^^^^^^^^^^^^^^^^^^^^^^^^^^^^^^^^^^^^^^^^^^^^^^^^^^^
  File "/Users/ljn/.pyenv/versions/3.11.5/lib/python3.11/site-packages/openai/_base_client.py", line 1547, in request
    raise APITimeoutError(request=request) from err
openai.APITimeoutError: Request timed out.
[90m2026-07-06 16:03:56,229[0m │ - │ app.infra.trace_collector │ INFO │ Trace 系统已停止，剩余数据已 flush
[90m2026-07-06 16:03:56,300[0m │ - │ app.infra.mongo │ INFO │ MongoDB client 已关闭 | code=mongo_client_closed
